{"type":"FeatureCollection","features":[{"type":"Feature","properties":{"ref":"2","mode":"bus","couleur":"#E10D19"},"geometry":{"type":"LineString","coordinates":[[7.67805,48.55959],[7.67825,48.55966],[7.6783,48.55979],[7.67861,48.55981],[7.67852,48.55983],[7.67867,48.55987],[7.6787,48.55993],[7.6785,48.56174],[7.68001,48.56161],[7.68167,48.56165],[7.68494,48.56214],[7.68583,48.56236],[7.68626,48.56236],[7.68749,48.56223],[7.6877,48.56225],[7.68793,48.56235],[7.68801,48.56243],[7.68857,48.56361],[7.6895,48.56379],[7.68958,48.56377],[7.69019,48.56395],[7.69067,48.56403],[7.69325,48.5641],[7.69575,48.56435],[7.69701,48.56453],[7.69807,48.56483],[7.69983,48.56524],[7.70266,48.5655],[7.70457,48.56696],[7.70484,48.56753],[7.70505,48.56766],[7.7053,48.56765],[7.70546,48.56756],[7.70591,48.56678],[7.70639,48.56616],[7.70684,48.56583],[7.70736,48.56556],[7.71053,48.56933],[7.71109,48.57004],[7.71152,48.57082],[7.712,48.57126],[7.71256,48.57158],[7.71669,48.57291],[7.7177,48.57315],[7.72119,48.57367],[7.72204,48.57375],[7.72318,48.57399],[7.72375,48.57419],[7.72576,48.57464],[7.72616,48.57467],[7.72796,48.57455],[7.72819,48.5745],[7.72888,48.57448],[7.72954,48.57457],[7.73038,48.57475],[7.73171,48.57449],[7.73238,48.5743],[7.73269,48.57437],[7.73383,48.57507],[7.73175,48.57625],[7.73106,48.57846],[7.73122,48.57846],[7.73093,48.57939],[7.73095,48.57966],[7.73247,48.58197],[7.73265,48.58208],[7.73283,48.58235],[7.73456,48.58392],[7.73447,48.58416],[7.7346,48.5844],[7.73501,48.58471],[7.73543,48.58529],[7.73567,48.58541],[7.73633,48.58556],[7.73661,48.5857],[7.74099,48.58956],[7.74133,48.5896],[7.74629,48.59089],[7.74875,48.59131],[7.75591,48.59212],[7.7573,48.59219],[7.75823,48.59369],[7.75848,48.59371],[7.75858,48.59357],[7.75922,48.59307],[7.76247,48.59181],[7.76392,48.59135],[7.76475,48.591],[7.76966,48.58851],[7.76985,48.58838],[7.76979,48.58842],[7.76984,48.58823],[7.76978,48.58784],[7.76984,48.58763],[7.76996,48.58746],[7.77129,48.58622],[7.77374,48.58455],[7.77211,48.58317],[7.7722,48.58306],[7.76983,48.58102],[7.77045,48.58088],[7.77739,48.58014],[7.77784,48.58015],[7.77786,48.58032],[7.77919,48.58044],[7.77937,48.58042],[7.78268,48.57859],[7.78354,48.57805],[7.78532,48.5775],[7.78569,48.57732],[7.79269,48.57469],[7.79332,48.57462],[7.79336,48.57456],[7.79346,48.57456],[7.79351,48.57447],[7.79347,48.57454],[7.79645,48.56982],[7.79497,48.56915]]}},{"type":"Feature","properties":{"ref":"A","mode":"tram","couleur":"#E10D19"},"geometry":{"type":"LineString","coordinates":[[7.70802,48.52466],[7.70832,48.52517],[7.70924,48.52776],[7.70938,48.52783],[7.7096,48.52785],[7.71108,48.52763],[7.71128,48.52764],[7.71153,48.52778],[7.71202,48.52862],[7.71224,48.52876],[7.71241,48.5288],[7.71283,48.52878],[7.71248,48.52881],[7.71291,48.52876],[7.72112,48.52672],[7.7214,48.52678],[7.72156,48.52692],[7.72265,48.52975],[7.7228,48.52993],[7.72299,48.53],[7.72321,48.53001],[7.72434,48.52986],[7.72693,48.52943],[7.72876,48.52907],[7.73004,48.52888],[7.73191,48.52868],[7.73236,48.52874],[7.73259,48.52889],[7.73435,48.53327],[7.73447,48.53382],[7.73442,48.53497],[7.73424,48.53663],[7.73412,48.53696],[7.73376,48.53754],[7.73349,48.53828],[7.73349,48.53846],[7.735,48.54107],[7.7362,48.54301],[7.7365,48.54341],[7.73852,48.54562],[7.73954,48.54653],[7.74077,48.54803],[7.74587,48.55545],[7.75233,48.56196],[7.75255,48.56225],[7.75267,48.5626],[7.75266,48.563],[7.75168,48.56819],[7.75171,48.56868],[7.75189,48.56924],[7.75207,48.56953],[7.75372,48.57153],[7.75381,48.57182],[7.75388,48.57284],[7.7534,48.57508],[7.75309,48.57572],[7.75155,48.57732],[7.75109,48.57767],[7.75038,48.57802],[7.74975,48.57819],[7.74909,48.57828],[7.74882,48.57842],[7.74782,48.5797],[7.74645,48.58093],[7.74634,48.58113],[7.74623,48.58198],[7.74613,48.58226],[7.74591,48.58251],[7.74537,48.58289],[7.74445,48.58421],[7.74367,48.58552],[7.74357,48.58561],[7.7434,48.58565],[7.74324,48.58564],[7.74247,48.58539],[7.742,48.58517],[7.74113,48.58466],[7.73917,48.58381],[7.73875,48.58371],[7.73824,48.58367],[7.73774,48.5837],[7.73729,48.5838],[7.7367,48.58406],[7.73614,48.58455],[7.73577,48.58479],[7.73464,48.58524],[7.73408,48.58564],[7.73001,48.59001],[7.72954,48.59039],[7.72889,48.59079],[7.72836,48.59103],[7.72556,48.59182],[7.72362,48.59196],[7.72214,48.59192],[7.72127,48.59182],[7.71813,48.59112],[7.71541,48.59021],[7.71454,48.59005],[7.71407,48.59011],[7.71367,48.5903],[7.71225,48.59208],[7.71188,48.59228],[7.71146,48.59237],[7.71104,48.59234],[7.71066,48.59221],[7.70951,48.59139],[7.70918,48.59127],[7.70883,48.59128],[7.70443,48.59193],[7.70411,48.59193],[7.70377,48.59188],[7.70346,48.59175],[7.70206,48.59073],[7.70179,48.59061],[7.70137,48.59059],[7.6993,48.5909],[7.69904,48.591],[7.69887,48.59117],[7.6982,48.59264],[7.69824,48.5928],[7.69836,48.59294],[7.69998,48.5941],[7.70016,48.59429],[7.70015,48.59441],[7.69985,48.59479],[7.69931,48.59585],[7.69917,48.596],[7.69895,48.5961],[7.69649,48.59647],[7.69622,48.59654],[7.69604,48.59673],[7.69529,48.59827],[7.69501,48.59845],[7.69419,48.59858]]}},{"type":"Feature","properties":{"ref":"B","mode":"tram","couleur":"#009EE0"},"geometry":{"type":"LineString","coordinates":[[7.75852,48.62811],[7.75866,48.62766],[7.75878,48.62753],[7.76303,48.62449],[7.76336,48.6242],[7.7635,48.6239],[7.76374,48.6228],[7.76364,48.62258],[7.76309,48.62188],[7.76308,48.62174],[7.76318,48.62162],[7.76351,48.62155],[7.76596,48.6218],[7.76632,48.62179],[7.76895,48.62098],[7.76914,48.62085],[7.76917,48.62068],[7.76786,48.61649],[7.76701,48.61453],[7.76695,48.61404],[7.76716,48.61225],[7.7668,48.61115],[7.7666,48.61079],[7.76614,48.6103],[7.76234,48.60734],[7.75927,48.60503],[7.75467,48.6013],[7.75456,48.60115],[7.75461,48.60044],[7.75478,48.60032],[7.755,48.60029],[7.75481,48.60031],[7.75618,48.60036],[7.75697,48.60028],[7.76082,48.59928],[7.7607,48.59933],[7.76064,48.59935],[7.76089,48.59922],[7.76092,48.59912],[7.75859,48.59565],[7.7583,48.59537],[7.75783,48.59508],[7.75769,48.59493],[7.75765,48.59474],[7.75781,48.5932],[7.7545,48.58809],[7.75452,48.58791],[7.7549,48.5876],[7.75506,48.58728],[7.75499,48.58698],[7.75459,48.58637],[7.75442,48.58627],[7.75425,48.58626],[7.75343,48.58651],[7.75314,48.5865],[7.75174,48.5859],[7.75133,48.58564],[7.74903,48.58463],[7.74823,48.58438],[7.74729,48.5843],[7.74609,48.5843],[7.74453,48.58436],[7.74331,48.58423],[7.74067,48.58365],[7.73983,48.58317],[7.73923,48.58312],[7.73867,48.58274],[7.7374,48.58251],[7.73593,48.58232],[7.73581,48.58222],[7.73577,48.5821],[7.73596,48.58128],[7.73574,48.5801],[7.7345,48.57835],[7.73425,48.57811],[7.731,48.57556],[7.73041,48.57497],[7.72961,48.5747],[7.72897,48.57461],[7.72746,48.57473],[7.72651,48.57472],[7.72616,48.57467],[7.72588,48.57447],[7.72472,48.57305],[7.72439,48.57235],[7.72434,48.57211],[7.72464,48.57128],[7.72483,48.57096],[7.72529,48.57064],[7.7268,48.57024],[7.72724,48.57004],[7.7274,48.56989],[7.7274,48.56965],[7.72692,48.56889],[7.72694,48.56871],[7.72726,48.568],[7.72715,48.56777],[7.72694,48.56769],[7.72671,48.56769],[7.72523,48.56813],[7.72145,48.56787],[7.72084,48.56761],[7.72051,48.56731],[7.71996,48.56575],[7.7198,48.56561],[7.71957,48.56555],[7.71837,48.56549],[7.71791,48.56554],[7.71716,48.56575],[7.71674,48.56583],[7.71607,48.56583],[7.71552,48.56572],[7.71483,48.56541],[7.71206,48.5635],[7.71099,48.56251],[7.71088,48.56228],[7.71086,48.56209],[7.71201,48.559],[7.7122,48.55823],[7.71291,48.5571],[7.71298,48.55671],[7.71266,48.55378],[7.71254,48.55337],[7.7123,48.55294],[7.7111,48.55112],[7.71095,48.55099],[7.71058,48.55095],[7.70722,48.55145],[7.70628,48.55144],[7.70553,48.55132],[7.70486,48.55112],[7.70425,48.55084],[7.70109,48.54867],[7.70094,48.5486],[7.70077,48.54858],[7.69931,48.54893],[7.69441,48.5506],[7.69407,48.55075],[7.69352,48.55113],[7.69189,48.55146],[7.69175,48.55165],[7.69157,48.55369],[7.69153,48.5538],[7.69139,48.5539],[7.69112,48.55395],[7.68917,48.55378]]}},{"type":"Feature","properties":{"ref":"C","mode":"tram","couleur":"#F29400"},"geometry":{"type":"LineString","coordinates":[[7.76677,48.54617],[7.76604,48.54655],[7.76587,48.54676],[7.76584,48.54831],[7.76612,48.55073],[7.76677,48.55172],[7.7672,48.55387],[7.76718,48.55479],[7.76737,48.55654],[7.76722,48.55678],[7.76642,48.55746],[7.76588,48.55803],[7.76464,48.55984],[7.7641,48.56098],[7.7641,48.56109],[7.7644,48.56138],[7.76547,48.56218],[7.76905,48.56416],[7.77294,48.56642],[7.77313,48.56658],[7.77316,48.56677],[7.77308,48.56693],[7.77285,48.56706],[7.77118,48.56746],[7.77017,48.56787],[7.76921,48.56808],[7.76797,48.56827],[7.76354,48.5695],[7.76331,48.56962],[7.76326,48.56977],[7.76379,48.57057],[7.76462,48.57157],[7.76507,48.572],[7.76604,48.57275],[7.76651,48.5733],[7.76675,48.57384],[7.76704,48.57521],[7.76733,48.57566],[7.76768,48.57596],[7.76896,48.5767],[7.76916,48.5769],[7.76991,48.58089],[7.76986,48.58106],[7.76972,48.58119],[7.76951,48.5813],[7.75867,48.58425],[7.75755,48.58469],[7.75464,48.5861],[7.75337,48.58652],[7.75314,48.5865],[7.7518,48.58593],[7.7514,48.58567],[7.74903,48.58463],[7.74823,48.58438],[7.74729,48.5843],[7.74421,48.58435],[7.74331,48.58423],[7.74171,48.58391],[7.74149,48.58392],[7.74131,48.58403],[7.739,48.58729],[7.73881,48.58744],[7.73857,48.58747],[7.73835,48.58739],[7.73641,48.5857],[7.73626,48.58566],[7.73609,48.58567],[7.73567,48.58582]]}},{"type":"Feature","properties":{"ref":"D","mode":"tram","couleur":"#009933"},"geometry":{"type":"LineString","coordinates":[[7.81403,48.57224],[7.81354,48.57239],[7.81344,48.57251],[7.81345,48.57263],[7.8158,48.57513],[7.81618,48.57571],[7.81619,48.57588],[7.81605,48.57601],[7.81587,48.57607],[7.81415,48.57632],[7.81315,48.57651],[7.81167,48.57665],[7.81043,48.57664],[7.80957,48.57656],[7.80895,48.57644],[7.80466,48.57509],[7.80357,48.57459],[7.79973,48.57386],[7.79749,48.57325],[7.79552,48.57276],[7.79379,48.5727],[7.79319,48.57275],[7.79063,48.57326],[7.78815,48.57391],[7.78727,48.57407],[7.78598,48.57415],[7.7847,48.57406],[7.78385,48.5739],[7.78285,48.57359],[7.78199,48.5732],[7.78133,48.57278],[7.78079,48.57231],[7.77826,48.56937],[7.77802,48.56918],[7.7738,48.5672],[7.77329,48.56707],[7.77272,48.5671],[7.77118,48.56746],[7.77017,48.56787],[7.76921,48.56808],[7.76787,48.56829],[7.7571,48.57132],[7.75436,48.57171],[7.7541,48.57178],[7.75393,48.57192],[7.75385,48.57206],[7.75388,48.57284],[7.7534,48.57508],[7.75309,48.57572],[7.75155,48.57732],[7.75109,48.57767],[7.75038,48.57802],[7.74975,48.57819],[7.74909,48.57828],[7.74882,48.57842],[7.74782,48.5797],[7.74645,48.58093],[7.74634,48.58113],[7.74623,48.58198],[7.74613,48.58226],[7.74591,48.58251],[7.74537,48.58289],[7.74445,48.58421],[7.74416,48.58476],[7.74361,48.58558],[7.74345,48.58564],[7.74329,48.58564],[7.74247,48.58539],[7.742,48.58517],[7.74113,48.58466],[7.73904,48.58377],[7.73824,48.58367],[7.73774,48.5837],[7.73729,48.5838],[7.7367,48.58406],[7.73614,48.58455],[7.73577,48.58479],[7.73464,48.58524],[7.73408,48.58564],[7.73001,48.59001],[7.72954,48.59039],[7.72889,48.59079],[7.72836,48.59103],[7.72551,48.59182],[7.72362,48.59196],[7.72214,48.59192],[7.72127,48.59182],[7.71813,48.59112],[7.71541,48.59021],[7.71454,48.59005],[7.71407,48.59011],[7.71367,48.5903],[7.71225,48.59208],[7.71188,48.59228],[7.71146,48.59237],[7.71104,48.59234],[7.71066,48.59221],[7.70951,48.59139],[7.70918,48.59127],[7.70883,48.59128],[7.70443,48.59193],[7.70411,48.59193],[7.70377,48.59188],[7.70346,48.59175],[7.70206,48.59073],[7.70171,48.59059],[7.70137,48.59059],[7.69927,48.5909],[7.69905,48.59089],[7.69766,48.58992],[7.69747,48.58971],[7.69723,48.5889],[7.69789,48.58792],[7.69792,48.58781],[7.69786,48.58769],[7.69217,48.58351]]}},{"type":"Feature","properties":{"ref":"E","mode":"tram","couleur":"#9085BA"},"geometry":{"type":"LineString","coordinates":[[7.73283,48.52941],[7.73435,48.53327],[7.73447,48.53382],[7.73442,48.53497],[7.73424,48.53663],[7.73412,48.53696],[7.73376,48.53754],[7.73349,48.53828],[7.73349,48.53846],[7.735,48.54107],[7.7362,48.54301],[7.7365,48.54341],[7.73852,48.54562],[7.73954,48.54653],[7.74077,48.54803],[7.74587,48.55545],[7.75233,48.56196],[7.75255,48.56225],[7.75267,48.5626],[7.75266,48.563],[7.75168,48.56819],[7.75175,48.56887],[7.75207,48.56953],[7.7538,48.5716],[7.75394,48.57169],[7.75409,48.57171],[7.75697,48.57132],[7.76268,48.56971],[7.76297,48.56968],[7.76316,48.56973],[7.76462,48.57157],[7.76507,48.572],[7.76599,48.5727],[7.76635,48.57307],[7.76672,48.57374],[7.76704,48.57521],[7.76733,48.57566],[7.76768,48.57596],[7.76896,48.5767],[7.7692,48.57699],[7.76991,48.58091],[7.76986,48.58106],[7.76967,48.58123],[7.75867,48.58425],[7.75755,48.58469],[7.75479,48.58603],[7.75463,48.58616],[7.75462,48.58635],[7.75504,48.58702],[7.75509,48.58728],[7.75494,48.58762],[7.75455,48.58792],[7.75454,48.58808],[7.7578,48.59307],[7.75786,48.59338],[7.75769,48.59474],[7.75774,48.59493],[7.75788,48.59508],[7.75843,48.59543],[7.75863,48.59564],[7.76084,48.59888],[7.76112,48.5991],[7.7613,48.59917],[7.7616,48.59919],[7.76572,48.59906],[7.76604,48.59911],[7.76784,48.59961],[7.7681,48.59964],[7.76833,48.59962],[7.76859,48.5995],[7.77438,48.59594],[7.77469,48.59587],[7.77504,48.59598],[7.77657,48.5969],[7.77678,48.59713],[7.77717,48.5978],[7.77731,48.59791],[7.7788,48.59805],[7.78166,48.59888],[7.78255,48.5992],[7.78491,48.60022],[7.78536,48.60055],[7.78553,48.60092],[7.78548,48.60129],[7.78501,48.60235],[7.7849,48.60283],[7.78477,48.60631],[7.78485,48.60834],[7.78529,48.6093]]}},{"type":"Feature","properties":{"ref":"F","mode":"tram","couleur":"#97BF0D"},"geometry":{"type":"LineString","coordinates":[[7.67276,48.59125],[7.68663,48.58502],[7.68718,48.5847],[7.69037,48.58324],[7.69158,48.58275],[7.69536,48.58094],[7.69555,48.58091],[7.69655,48.58094],[7.69765,48.58111],[7.70369,48.58185],[7.70558,48.58219],[7.70686,48.58231],[7.70722,48.5823],[7.70738,48.58216],[7.70733,48.58155],[7.70806,48.57928],[7.70833,48.57859],[7.70847,48.5785],[7.71035,48.57869],[7.714,48.5793],[7.71538,48.57957],[7.71597,48.57962],[7.72118,48.58037],[7.72316,48.58078],[7.72466,48.58096],[7.72593,48.58094],[7.72711,48.58078],[7.7295,48.57975],[7.73053,48.57955],[7.73074,48.57955],[7.73098,48.57969],[7.73246,48.58196],[7.73261,48.58207],[7.73691,48.58241],[7.73863,48.5827],[7.73882,48.58277],[7.73926,48.58309],[7.73969,48.5831],[7.73986,48.58315],[7.74069,48.58363],[7.74359,48.58425],[7.74453,48.58433],[7.74609,48.58427],[7.74739,48.58427],[7.74811,48.58433],[7.74905,48.58461],[7.75142,48.58565],[7.75182,48.58591],[7.75307,48.58644],[7.75331,48.5865],[7.75466,48.58606],[7.7576,48.58464],[7.75955,48.58389],[7.77005,48.58103],[7.77069,48.5809],[7.7764,48.58028]]}},{"type":"Feature","properties":{"ref":"G","mode":"bus","couleur":"#F6C900"},"geometry":{"type":"LineString","coordinates":[[7.71982,48.61672],[7.71984,48.6162],[7.71981,48.61636],[7.7197,48.61612],[7.71954,48.61598],[7.71952,48.61579],[7.71957,48.6157],[7.7195,48.61559],[7.71355,48.6114],[7.71316,48.61119],[7.71206,48.61041],[7.71159,48.61007],[7.71168,48.6099],[7.7116,48.60999],[7.71159,48.61004],[7.71177,48.60985],[7.71341,48.60938],[7.71572,48.60887],[7.71778,48.60859],[7.71797,48.60851],[7.71802,48.60845],[7.71797,48.60785],[7.71805,48.60692],[7.71801,48.60679],[7.71786,48.60669],[7.71636,48.60619],[7.71534,48.60563],[7.71539,48.60545],[7.71621,48.60476],[7.72007,48.60218],[7.72075,48.60192],[7.72112,48.60185],[7.72217,48.60174],[7.72264,48.60186],[7.7226,48.60184],[7.72293,48.60159],[7.7234,48.60104],[7.7242,48.59983],[7.72574,48.59808],[7.72762,48.59576],[7.73026,48.59233],[7.7305,48.59209],[7.7312,48.59156],[7.73148,48.59147],[7.73173,48.59151],[7.73296,48.59198],[7.73315,48.59199],[7.73334,48.59193],[7.73445,48.59092],[7.73583,48.58946],[7.73627,48.58886],[7.73718,48.58838],[7.73863,48.58775],[7.73623,48.58561],[7.73543,48.58529],[7.73501,48.58471],[7.7346,48.5844],[7.73447,48.58408],[7.73438,48.58405],[7.7343,48.58393],[7.73278,48.58255],[7.73248,48.58216],[7.73244,48.58201],[7.7309,48.57967],[7.73122,48.57846],[7.73111,48.57828],[7.7318,48.5762],[7.73383,48.57507],[7.7341,48.57497],[7.73448,48.57492],[7.73573,48.57489],[7.73939,48.57429],[7.74378,48.57403],[7.74559,48.57403],[7.74704,48.57415],[7.75113,48.57485],[7.75337,48.57518],[7.75367,48.57515],[7.75445,48.57523],[7.75467,48.5753],[7.75598,48.57535],[7.75767,48.57531],[7.77094,48.57424],[7.77223,48.5741],[7.7729,48.57407],[7.77388,48.57409],[7.77499,48.57425],[7.7762,48.57458],[7.77752,48.57518],[7.77813,48.57558],[7.7807,48.57811],[7.78113,48.57869],[7.78152,48.57955],[7.78177,48.5808],[7.78175,48.58117],[7.78188,48.5814],[7.7818,48.58153],[7.78157,48.58156],[7.78144,48.58151],[7.78139,48.58138],[7.78168,48.58105],[7.78172,48.58083]]}},{"type":"Feature","properties":{"ref":"H","mode":"bus","couleur":"#A62341"},"geometry":{"type":"LineString","coordinates":[[7.73605,48.58552],[7.73585,48.58546],[7.73633,48.58556],[7.73661,48.5857],[7.74099,48.58956],[7.74133,48.5896],[7.74629,48.59089],[7.74875,48.59131],[7.75591,48.59212],[7.7573,48.59219],[7.75823,48.59369],[7.75848,48.59371],[7.75853,48.59386],[7.75843,48.59494],[7.75886,48.59573],[7.76047,48.59808],[7.76079,48.59835],[7.76117,48.59891],[7.76136,48.59909],[7.76153,48.59913],[7.76564,48.59899],[7.7661,48.59905],[7.76676,48.59924]]}},{"type":"Feature","properties":{"ref":"10","mode":"bus","couleur":"#F8B705"},"geometry":{"type":"LineString","coordinates":[[7.73501,48.58471],[7.73549,48.58534],[7.73633,48.58556],[7.73661,48.5857],[7.74099,48.58956],[7.74133,48.5896],[7.74654,48.59093],[7.76163,48.5867],[7.76303,48.58624],[7.76241,48.58572],[7.76221,48.58564],[7.76163,48.58562],[7.76065,48.58539],[7.76009,48.58534],[7.75874,48.58406],[7.75732,48.58253],[7.7572,48.58245],[7.75679,48.58231],[7.75636,48.58191],[7.75633,48.58172],[7.75647,48.57992],[7.75492,48.57863],[7.75364,48.57775],[7.75174,48.5772],[7.75144,48.5775],[7.75079,48.57792],[7.75018,48.57815],[7.74963,48.57826],[7.74969,48.57882],[7.74816,48.57843],[7.74727,48.57831],[7.74713,48.57833],[7.74682,48.5785],[7.74544,48.57873],[7.74459,48.57876],[7.74357,48.57892],[7.74215,48.5789],[7.74116,48.57914],[7.74065,48.57913],[7.74019,48.57899],[7.73916,48.57843],[7.7384,48.57766],[7.73758,48.57777],[7.73587,48.57782],[7.73555,48.57787],[7.73488,48.57817],[7.73458,48.57825],[7.73122,48.57846],[7.73093,48.57939],[7.73095,48.57966],[7.73247,48.58197],[7.73265,48.58208],[7.73283,48.58235],[7.73456,48.58392],[7.73447,48.58416],[7.7346,48.5844],[7.73501,48.58471]]}},{"type":"Feature","properties":{"ref":"12","mode":"bus","couleur":"#89CDD1"},"geometry":{"type":"LineString","coordinates":[[7.69241,48.55152],[7.69292,48.55165],[7.6933,48.55162],[7.6934,48.55132],[7.69332,48.55109],[7.6934,48.55132],[7.69314,48.5511],[7.69166,48.55132],[7.68934,48.55108],[7.68782,48.55089],[7.68768,48.55084],[7.68747,48.55099],[7.68537,48.55124],[7.6852,48.5513],[7.68476,48.55155],[7.68372,48.55239],[7.68333,48.55245],[7.6827,48.55234],[7.68186,48.55243],[7.68151,48.55275],[7.68111,48.55345],[7.68025,48.55351],[7.6795,48.55562],[7.67589,48.55365],[7.66483,48.54826],[7.6634,48.54762],[7.6617,48.54673],[7.65604,48.54395],[7.65471,48.54339],[7.65447,48.54336],[7.65402,48.54356],[7.65354,48.54363],[7.653,48.54358],[7.65259,48.54343],[7.65227,48.54319],[7.65212,48.54297],[7.65207,48.54263],[7.6522,48.5423],[7.65211,48.54211],[7.652,48.54204],[7.64968,48.54083],[7.64649,48.53928],[7.64636,48.53926],[7.6463,48.5392],[7.64317,48.53767],[7.64239,48.53745],[7.64243,48.53731],[7.64261,48.5373],[7.64354,48.53609],[7.644,48.53587],[7.64355,48.53566],[7.64253,48.53434],[7.63833,48.5353],[7.63679,48.53458],[7.63652,48.53437],[7.63526,48.53297],[7.63502,48.53257],[7.63471,48.53157],[7.63463,48.53151],[7.63291,48.53165],[7.63032,48.53137],[7.63012,48.5314],[7.62916,48.53129]]}},{"type":"Feature","properties":{"ref":"15","mode":"bus","couleur":"#89CDD1"},"geometry":{"type":"LineString","coordinates":[[7.77933,48.59829],[7.78111,48.5988],[7.78171,48.59902],[7.78177,48.59922],[7.7809,48.60051],[7.78136,48.60072],[7.78164,48.60094],[7.78268,48.60196],[7.78298,48.60274],[7.78382,48.60336],[7.78434,48.60363],[7.78507,48.60363],[7.78621,48.60322],[7.78679,48.60335],[7.78757,48.60373],[7.78778,48.60377],[7.78813,48.60377],[7.78875,48.60371],[7.78992,48.60345],[7.79173,48.60321],[7.79243,48.60306],[7.79253,48.60298],[7.79266,48.60224],[7.79259,48.60187],[7.79264,48.60169],[7.79132,48.60035],[7.7911,48.6],[7.79095,48.59949],[7.791,48.59836],[7.79066,48.59714],[7.79049,48.59678],[7.79017,48.59649],[7.78976,48.59631],[7.78735,48.59599],[7.78701,48.59589],[7.78662,48.59572],[7.78642,48.59557],[7.78624,48.59522],[7.78607,48.59502],[7.78533,48.59458],[7.78416,48.59378],[7.7829,48.59268],[7.78274,48.59249],[7.78235,48.59175],[7.78172,48.59023],[7.78147,48.58987],[7.78161,48.58974],[7.78193,48.58968],[7.7824,48.5895],[7.78285,48.58905],[7.78293,48.58879],[7.78289,48.5881],[7.78273,48.58777],[7.78248,48.58747],[7.78041,48.58594],[7.77936,48.58632],[7.77695,48.58705],[7.77672,48.58716],[7.77389,48.58802],[7.77098,48.58861],[7.77058,48.58857],[7.76987,48.58836],[7.76979,48.58842],[7.76641,48.5873],[7.76541,48.58565],[7.76426,48.58597],[7.76316,48.58636],[7.76241,48.58572],[7.76221,48.58564],[7.76163,48.58562],[7.76065,48.58539],[7.76022,48.58542],[7.75486,48.58696],[7.75494,48.58728],[7.7548,48.58756],[7.75443,48.5878],[7.75401,48.58788],[7.75355,48.58783],[7.75326,48.58769],[7.75305,48.58749],[7.75297,48.58728],[7.75301,48.58704],[7.75319,48.58682],[7.75341,48.58669],[7.75385,48.58658]]}},{"type":"Feature","properties":{"ref":"17","mode":"bus","couleur":"#F3C6DB"},"geometry":{"type":"LineString","coordinates":[[7.69699,48.61249],[7.6953,48.61419],[7.69501,48.61468],[7.69427,48.61432],[7.69319,48.61409],[7.69271,48.61403],[7.69087,48.61392],[7.6907,48.61395],[7.69046,48.61409],[7.69023,48.61408],[7.68785,48.61261],[7.68745,48.61232],[7.68581,48.6107],[7.68498,48.61009],[7.68412,48.60967],[7.68406,48.60961],[7.68386,48.60885],[7.68413,48.60802],[7.68486,48.60701],[7.68524,48.60638],[7.68652,48.60549],[7.6864,48.60527],[7.68871,48.60455],[7.69527,48.60189],[7.69891,48.60051],[7.70179,48.59901],[7.70333,48.59782],[7.70391,48.59751],[7.70872,48.59567],[7.71103,48.59462],[7.71277,48.59371],[7.71377,48.5933],[7.71648,48.59255],[7.71888,48.59215],[7.72521,48.59086],[7.72537,48.59168],[7.72456,48.59172],[7.72447,48.59182],[7.72458,48.59204],[7.725,48.59207]]}},{"type":"Feature","properties":{"ref":"18","mode":"bus","couleur":"#F8B705"},"geometry":{"type":"LineString","coordinates":[[7.72553,48.59234],[7.72607,48.5954],[7.72758,48.59526],[7.72796,48.59527],[7.72796,48.59535],[7.72565,48.59817],[7.72607,48.59832],[7.72657,48.59843],[7.72852,48.59861],[7.72886,48.59874],[7.72985,48.59929],[7.73016,48.59937],[7.73052,48.59937],[7.73248,48.59874],[7.73329,48.59842],[7.73544,48.59773],[7.73617,48.59741],[7.73822,48.59674],[7.73864,48.59652],[7.73877,48.59642],[7.73891,48.59619],[7.73901,48.59614],[7.73925,48.59568],[7.73924,48.59503],[7.73898,48.59453],[7.73842,48.59401],[7.73706,48.59339],[7.73681,48.59334],[7.73618,48.59307],[7.73592,48.59301],[7.73208,48.59153],[7.73115,48.59098],[7.7306,48.59076],[7.72863,48.59039],[7.72817,48.5911],[7.72799,48.59126],[7.72769,48.59139],[7.72548,48.59206],[7.72553,48.59234]]}},{"type":"Feature","properties":{"ref":"22","mode":"bus","couleur":"#89CDD1"},"geometry":{"type":"LineString","coordinates":[[7.69241,48.55152],[7.69292,48.55165],[7.6933,48.55162],[7.6934,48.55132],[7.69332,48.55109],[7.6934,48.55132],[7.69314,48.5511],[7.69166,48.55132],[7.68934,48.55108],[7.68782,48.55089],[7.68768,48.55084],[7.68747,48.55099],[7.68537,48.55124],[7.6852,48.5513],[7.68476,48.55155],[7.68372,48.55239],[7.68333,48.55245],[7.6827,48.55234],[7.68186,48.55243],[7.68151,48.55275],[7.68111,48.55345],[7.68025,48.55351],[7.6795,48.55562],[7.67744,48.55447],[7.67713,48.55445],[7.67427,48.55486],[7.67077,48.5553],[7.67019,48.55554],[7.66774,48.55686],[7.66745,48.55694],[7.6672,48.55691],[7.66612,48.55651],[7.66398,48.55591],[7.66341,48.55583],[7.65951,48.5564],[7.65709,48.5567],[7.65688,48.55679],[7.65676,48.55702],[7.65651,48.55711],[7.65619,48.55708],[7.65597,48.55691],[7.65576,48.55684],[7.65464,48.55694],[7.65312,48.55694],[7.65332,48.55694],[7.64909,48.5571],[7.64566,48.55706],[7.64466,48.55714],[7.6435,48.5573],[7.64369,48.55728],[7.6433,48.55735],[7.64305,48.55792],[7.64295,48.55927],[7.64197,48.5592],[7.6406,48.55897],[7.6402,48.55906],[7.63789,48.55898],[7.63677,48.5591],[7.63662,48.55915],[7.63601,48.55962],[7.63585,48.55994],[7.63613,48.56234],[7.63634,48.56264],[7.63629,48.56273],[7.63617,48.56276],[7.63602,48.56266],[7.63612,48.56248],[7.6361,48.56204]]}},{"type":"Feature","properties":{"ref":"30","mode":"bus","couleur":"#FFDC08"},"geometry":{"type":"LineString","coordinates":[[7.78599,48.56124],[7.78616,48.5614],[7.78502,48.5603],[7.78491,48.56026],[7.78437,48.56032],[7.78437,48.56067],[7.78427,48.56074],[7.78196,48.56111],[7.78022,48.56131],[7.77941,48.56308],[7.77929,48.56319],[7.77844,48.56366],[7.77827,48.56386],[7.77824,48.56411],[7.77844,48.565],[7.77851,48.56572],[7.77851,48.56679],[7.77837,48.56733],[7.77799,48.56794],[7.77698,48.56895],[7.7766,48.56924],[7.77541,48.56986],[7.77541,48.56997],[7.77581,48.57062],[7.77481,48.57111],[7.77438,48.57123],[7.7723,48.57139],[7.77025,48.57172],[7.77111,48.57347],[7.77125,48.57451],[7.77166,48.57642],[7.76902,48.57674],[7.7686,48.57713],[7.76843,48.57719],[7.76654,48.57735],[7.76178,48.578],[7.76118,48.57812],[7.75963,48.57856],[7.75971,48.57855],[7.75925,48.57873],[7.75815,48.57959],[7.75733,48.58059],[7.75699,48.58114],[7.75687,48.58118],[7.7564,48.58116],[7.75635,48.58187],[7.75633,48.58176],[7.75633,48.58172],[7.75645,48.58202],[7.75676,48.58229],[7.7572,48.58245],[7.75732,48.58253],[7.75856,48.58388],[7.75982,48.58509],[7.76065,48.58539],[7.76151,48.5856],[7.76179,48.58565],[7.7625,48.58562],[7.76269,48.5857],[7.7689,48.59105],[7.77003,48.59231],[7.77009,48.5925],[7.77448,48.59569],[7.77515,48.59593],[7.77651,48.59674],[7.77673,48.59694],[7.77679,48.59704],[7.77565,48.59821],[7.77538,48.59857],[7.77523,48.59892],[7.77527,48.59943],[7.77548,48.60039],[7.77543,48.6018],[7.7756,48.60239],[7.77579,48.60271],[7.77635,48.60341],[7.77735,48.60424],[7.77774,48.60474],[7.77831,48.60612],[7.77865,48.60796],[7.77921,48.60836],[7.77999,48.60954],[7.78046,48.61009],[7.78105,48.61114],[7.78312,48.61283],[7.78418,48.61444],[7.78474,48.61516],[7.78489,48.61527],[7.78509,48.61533],[7.78635,48.61535],[7.78656,48.61543],[7.78736,48.61617],[7.78769,48.61669],[7.78862,48.61767],[7.78899,48.61838],[7.78929,48.6187],[7.7888,48.61894],[7.78861,48.61896],[7.78706,48.6186],[7.7869,48.6197],[7.7873,48.62151],[7.78703,48.62163],[7.78681,48.62195],[7.78665,48.62261],[7.78661,48.62339]]}},{"type":"Feature","properties":{"ref":"31","mode":"bus","couleur":"#F3C6DB"},"geometry":{"type":"LineString","coordinates":[[7.78599,48.56124],[7.78616,48.5614],[7.78502,48.5603],[7.78491,48.56026],[7.78437,48.56032],[7.78437,48.56067],[7.78427,48.56074],[7.78196,48.56111],[7.78022,48.56131],[7.77941,48.56308],[7.77929,48.56319],[7.77844,48.56366],[7.77827,48.56386],[7.77824,48.56411],[7.7785,48.56536],[7.77852,48.56658],[7.77846,48.56707],[7.77813,48.56777],[7.77707,48.56886],[7.77633,48.56851],[7.77614,48.56836],[7.77561,48.56807],[7.77413,48.56738],[7.77332,48.56712],[7.77323,48.56699],[7.77315,48.56627],[7.77354,48.56231],[7.77364,48.56224],[7.77379,48.56122],[7.77433,48.56041],[7.77441,48.5602],[7.77439,48.55995],[7.77392,48.55854],[7.77438,48.55734],[7.7745,48.55684],[7.77449,48.55662],[7.77433,48.55649],[7.77416,48.55644],[7.76957,48.55547],[7.76679,48.55456],[7.76666,48.55457],[7.76623,48.55446],[7.76275,48.55431],[7.75889,48.55433],[7.75788,48.55439],[7.758,48.55166],[7.75806,48.54784],[7.75608,48.54781],[7.7559,48.54785],[7.75479,48.54851],[7.75397,48.54905],[7.75387,48.54918],[7.75211,48.55027],[7.75163,48.55044],[7.75092,48.5509],[7.75087,48.55094],[7.75127,48.55127],[7.75143,48.55147],[7.75174,48.55217],[7.74485,48.55363],[7.74452,48.55374],[7.7439,48.55284],[7.73883,48.55504],[7.73362,48.55532],[7.7335,48.55519],[7.73299,48.55124],[7.73305,48.55066],[7.73315,48.55045],[7.73313,48.55049],[7.73339,48.55017],[7.73393,48.54986],[7.73458,48.5497],[7.73918,48.54946],[7.74025,48.54929],[7.74111,48.54904],[7.74118,48.54886],[7.74044,48.5478],[7.73952,48.54667],[7.7386,48.54585],[7.73789,48.5451]]}},{"type":"Feature","properties":{"ref":"40","mode":"bus","couleur":"#FFDC08"},"geometry":{"type":"LineString","coordinates":[[7.72981,48.56218],[7.73036,48.56244],[7.72907,48.5638],[7.72851,48.56516],[7.7282,48.56508],[7.72776,48.56466],[7.72783,48.5647],[7.72669,48.56458],[7.71962,48.5641],[7.71951,48.56486],[7.71957,48.56494],[7.71991,48.56509],[7.72033,48.56646],[7.72082,48.56638],[7.72473,48.56664],[7.7249,48.56676],[7.72566,48.56782],[7.7267,48.5675],[7.72702,48.56751],[7.72731,48.5676],[7.72749,48.56783],[7.72708,48.5687],[7.72709,48.56886],[7.72707,48.56882],[7.72708,48.5687],[7.72716,48.56899],[7.72765,48.56968],[7.72792,48.56984],[7.72818,48.56985],[7.72954,48.56948],[7.73048,48.56938],[7.73109,48.56942],[7.7346,48.56981],[7.73756,48.57019],[7.73778,48.57017],[7.73839,48.56986],[7.73887,48.56955],[7.73911,48.56931],[7.73924,48.56898],[7.73848,48.56273],[7.74594,48.55948],[7.74873,48.5585],[7.74833,48.55809],[7.74908,48.55776],[7.74982,48.55733],[7.75188,48.55591],[7.75265,48.55551],[7.75362,48.55514],[7.75223,48.55313],[7.75139,48.5514],[7.75087,48.55094],[7.75163,48.55044],[7.74754,48.54752],[7.74722,48.54734],[7.74707,48.54732],[7.74705,48.54719],[7.74972,48.54641],[7.75117,48.54614],[7.75344,48.54594],[7.75805,48.54583],[7.76041,48.54548],[7.76085,48.54547],[7.7621,48.54556],[7.76397,48.54596],[7.76561,48.546],[7.76569,48.54438],[7.76172,48.54062],[7.76132,48.54003],[7.76115,48.53961],[7.76059,48.53721],[7.76036,48.53376],[7.76052,48.53346],[7.76143,48.53262],[7.76167,48.53218],[7.76175,48.53165],[7.76158,48.53086],[7.7614,48.53068],[7.76077,48.53028],[7.76058,48.5301],[7.75998,48.52888],[7.75996,48.52866],[7.76022,48.52762],[7.75998,48.527],[7.76021,48.52708],[7.76021,48.52722]]}},{"type":"Feature","properties":{"ref":"42","mode":"bus","couleur":"#C273A8"},"geometry":{"type":"LineString","coordinates":[[7.62816,48.54707],[7.62826,48.5472],[7.62812,48.54727],[7.62804,48.54726],[7.62777,48.54697],[7.62742,48.5469],[7.62696,48.54674],[7.62565,48.54651],[7.62193,48.54566],[7.62162,48.54549],[7.62185,48.54531],[7.62186,48.54523],[7.62133,48.54488],[7.6213,48.54466],[7.62118,48.54454],[7.62119,48.5444],[7.62142,48.54426],[7.6217,48.5443],[7.62182,48.54441],[7.62182,48.54454],[7.62215,48.54479],[7.62356,48.54549],[7.62419,48.54572],[7.62591,48.54616],[7.62884,48.54689],[7.62993,48.5471],[7.63017,48.54706],[7.63025,48.54695],[7.63038,48.5469],[7.63063,48.54692],[7.63092,48.54719],[7.63297,48.54782],[7.64646,48.55115],[7.64839,48.55154],[7.65007,48.5518],[7.65058,48.55185],[7.65106,48.55184],[7.65142,48.55173],[7.65174,48.55149],[7.65186,48.55132],[7.65189,48.55103],[7.65173,48.55067],[7.65044,48.5487],[7.65017,48.54808],[7.65004,48.5472],[7.65006,48.54687],[7.65024,48.54625],[7.65061,48.54559],[7.65168,48.54423],[7.65221,48.54347],[7.65227,48.54319],[7.65212,48.54297],[7.65207,48.54263],[7.6522,48.5423],[7.65254,48.542],[7.65283,48.54186],[7.6533,48.54177],[7.65376,48.54178],[7.65419,48.5419],[7.65466,48.54221],[7.65482,48.54246],[7.65487,48.54279],[7.65474,48.54309],[7.65461,48.54324],[7.65426,48.54347],[7.65402,48.54356],[7.65394,48.54374],[7.65433,48.5448],[7.65445,48.54488],[7.65441,48.54497],[7.65427,48.545],[7.65416,48.54493],[7.65423,48.54481],[7.65376,48.54373],[7.65354,48.54363],[7.65323,48.54362],[7.65278,48.54352],[7.65241,48.54332],[7.65216,48.54305],[7.65207,48.54263],[7.6522,48.5423],[7.65211,48.54211],[7.652,48.54204],[7.64968,48.54083],[7.64649,48.53928],[7.64636,48.53926],[7.6463,48.5392],[7.64317,48.53767],[7.64239,48.53745],[7.64243,48.53731],[7.64261,48.5373],[7.64354,48.53609],[7.644,48.53587],[7.64355,48.53566],[7.64253,48.53434],[7.63833,48.5353],[7.63679,48.53458],[7.63652,48.53437],[7.63526,48.53297],[7.63502,48.53257],[7.63471,48.53157],[7.63463,48.53151],[7.63291,48.53165],[7.63032,48.53137],[7.63012,48.5314],[7.62916,48.53129]]}},{"type":"Feature","properties":{"ref":"43","mode":"bus","couleur":"#E75113"},"geometry":{"type":"LineString","coordinates":[[7.62816,48.54707],[7.62826,48.5472],[7.62812,48.54727],[7.62804,48.54726],[7.62777,48.54697],[7.62742,48.5469],[7.62696,48.54674],[7.62565,48.54651],[7.62193,48.54566],[7.62162,48.54549],[7.62185,48.54531],[7.62186,48.54523],[7.62133,48.54488],[7.6213,48.54466],[7.62118,48.54454],[7.62119,48.5444],[7.62142,48.54426],[7.6217,48.5443],[7.62182,48.54441],[7.62182,48.54454],[7.62215,48.54479],[7.62356,48.54549],[7.62452,48.54581],[7.62884,48.54689],[7.62993,48.5471],[7.63017,48.54706],[7.63025,48.54695],[7.63038,48.5469],[7.63063,48.54692],[7.63083,48.54714],[7.63109,48.54726],[7.6337,48.54801],[7.64536,48.55089],[7.64932,48.55172],[7.65043,48.5519],[7.65107,48.55194],[7.65181,48.55187],[7.65248,48.55166],[7.6527,48.55157],[7.65309,48.55129],[7.65329,48.55101],[7.65335,48.55078],[7.65331,48.55054],[7.65315,48.55029],[7.65296,48.55017],[7.65273,48.55011],[7.65247,48.55012],[7.65225,48.55021],[7.65209,48.55039],[7.65218,48.55088],[7.65242,48.55139],[7.65588,48.55603],[7.65625,48.55639],[7.65644,48.5565],[7.65667,48.55655],[7.65686,48.55672],[7.65688,48.55685],[7.65676,48.55702],[7.65651,48.55711],[7.65632,48.55711],[7.65568,48.55778],[7.65404,48.55839],[7.65381,48.55853],[7.65318,48.55947],[7.65299,48.55966],[7.65298,48.55994],[7.65275,48.56003],[7.6526,48.55998],[7.65255,48.55982],[7.65269,48.55973],[7.65299,48.55966],[7.65318,48.55947],[7.65381,48.55853],[7.65404,48.55839],[7.65559,48.55782],[7.6558,48.55768],[7.65605,48.55717],[7.65608,48.55703],[7.65597,48.55691],[7.65576,48.55684],[7.65464,48.55694],[7.65312,48.55694],[7.65332,48.55694],[7.64909,48.5571],[7.64566,48.55706],[7.64466,48.55714],[7.6433,48.55735],[7.64303,48.55801],[7.64295,48.55927],[7.64197,48.5592],[7.6406,48.55897],[7.6402,48.55906],[7.63789,48.55898],[7.63677,48.5591],[7.63662,48.55915],[7.63601,48.55962],[7.63585,48.55994],[7.63613,48.56234],[7.63634,48.56264],[7.63629,48.56273],[7.63617,48.56276],[7.63602,48.56266],[7.63612,48.56248],[7.6361,48.56204]]}},{"type":"Feature","properties":{"ref":"44","mode":"bus","couleur":"#729ECF"},"geometry":{"type":"LineString","coordinates":[[7.62816,48.54707],[7.62826,48.5472],[7.62812,48.54727],[7.62804,48.54726],[7.62777,48.54697],[7.62742,48.5469],[7.6271,48.54678],[7.62565,48.54651],[7.62209,48.54571],[7.62162,48.54549],[7.62126,48.54615],[7.61956,48.54787],[7.61701,48.55271],[7.61691,48.55314],[7.61695,48.55371],[7.61758,48.5553],[7.61765,48.55576],[7.61767,48.55615],[7.61752,48.55654],[7.61665,48.55692],[7.61619,48.55814],[7.61504,48.55891],[7.61366,48.55946],[7.61219,48.55976],[7.61201,48.55979],[7.61175,48.55974],[7.61158,48.55979],[7.61116,48.56006],[7.61111,48.56025],[7.61122,48.5606],[7.61118,48.56066],[7.61089,48.5608],[7.60879,48.56108],[7.60858,48.56107],[7.6084,48.56097],[7.60831,48.56082],[7.6082,48.56019],[7.60812,48.55997],[7.60795,48.55985],[7.60671,48.55964],[7.60489,48.55957],[7.60247,48.5596],[7.59444,48.56],[7.59165,48.56056],[7.58923,48.56091],[7.58865,48.56117],[7.58761,48.56046],[7.58746,48.5603],[7.5866,48.56039]]}},{"type":"Feature","properties":{"ref":"45","mode":"bus","couleur":"#9A5527"},"geometry":{"type":"LineString","coordinates":[[7.69221,48.55125],[7.69155,48.55131],[7.68911,48.55105],[7.68893,48.55282],[7.68886,48.5532],[7.68863,48.55378],[7.68876,48.55384],[7.6907,48.55401],[7.69099,48.55408],[7.69256,48.55568],[7.69278,48.55574],[7.69292,48.55573],[7.69306,48.55582],[7.6934,48.55593],[7.69483,48.5563],[7.69578,48.55638],[7.69673,48.55661],[7.69708,48.55665],[7.69732,48.5578],[7.69972,48.55764],[7.70009,48.55915],[7.70007,48.55921],[7.69996,48.55924],[7.69882,48.55933],[7.69903,48.5606],[7.69803,48.56133],[7.69763,48.56184],[7.69759,48.562],[7.69574,48.56179],[7.69516,48.56164],[7.69502,48.56186],[7.69503,48.56232],[7.69488,48.56274],[7.69484,48.56428],[7.69344,48.56412],[7.69327,48.56591],[7.69327,48.56648],[7.69392,48.56643],[7.6946,48.56655],[7.69482,48.5682],[7.69492,48.56828],[7.69652,48.5687],[7.69656,48.56879],[7.69645,48.56903],[7.69566,48.56893],[7.69461,48.56871],[7.69412,48.56865],[7.69329,48.56864],[7.68973,48.56845],[7.68752,48.56848],[7.68741,48.56956],[7.68728,48.56988],[7.68685,48.57057],[7.68669,48.57118],[7.68677,48.57206],[7.68683,48.57463],[7.68688,48.57492],[7.68734,48.57602],[7.68828,48.57701],[7.68831,48.57713],[7.68796,48.57768],[7.68789,48.57825],[7.68736,48.57908],[7.68698,48.57988],[7.68688,48.58025],[7.68692,48.58035],[7.68701,48.58046],[7.68731,48.58036],[7.68801,48.58031],[7.69093,48.58059],[7.69182,48.58063],[7.69589,48.58045],[7.69533,48.58088],[7.69044,48.58319],[7.69103,48.5838],[7.6912,48.58379],[7.69169,48.58356],[7.69186,48.58341],[7.69174,48.58322],[7.69154,48.58308]]}},{"type":"Feature","properties":{"ref":"57","mode":"bus","couleur":"#EC7007"},"geometry":{"type":"LineString","coordinates":[[7.73696,48.54487],[7.73664,48.54493],[7.73654,48.54492],[7.73619,48.54454],[7.73619,48.54448],[7.73631,48.54437],[7.73673,48.54419],[7.73685,48.54405],[7.73622,48.54331],[7.73349,48.53871],[7.73305,48.53826],[7.73255,48.53803],[7.73189,48.5379],[7.72943,48.53806],[7.7291,48.53804],[7.7288,48.53797],[7.7285,48.53782],[7.72631,48.53637],[7.72282,48.53398],[7.72108,48.53308],[7.71926,48.53238],[7.71846,48.53216],[7.71784,48.53207],[7.71589,48.53193],[7.71532,48.53183],[7.71165,48.53006],[7.71135,48.52984],[7.71104,48.53003],[7.71071,48.53099],[7.71061,48.53112],[7.71046,48.5312],[7.70954,48.53134],[7.70944,48.53144],[7.70883,48.53156],[7.70678,48.53214],[7.70509,48.5325],[7.70413,48.53266],[7.69924,48.53422],[7.69889,48.53431],[7.69846,48.53435],[7.69777,48.53433],[7.69531,48.53396],[7.69247,48.53331],[7.69202,48.53316],[7.69173,48.53304],[7.69126,48.53268],[7.69114,48.53246],[7.69084,48.53128],[7.69035,48.53147],[7.69007,48.53143],[7.68806,48.53037],[7.68733,48.53023],[7.6859,48.5302],[7.68547,48.53023],[7.68537,48.53033],[7.68524,48.53032],[7.68517,48.53021],[7.68565,48.52776],[7.68586,48.52701],[7.68581,48.52658],[7.68569,48.52638],[7.68539,48.52611],[7.68466,48.52582],[7.68352,48.52545],[7.68274,48.52496],[7.68285,48.52421],[7.68387,48.52143],[7.68392,48.52109],[7.68387,48.52041],[7.68397,48.51945],[7.68392,48.51896],[7.68363,48.51856],[7.68336,48.51832],[7.68295,48.51809],[7.68159,48.51807],[7.6788,48.51774],[7.67694,48.51756],[7.67626,48.51744],[7.67304,48.51712],[7.67107,48.5168],[7.67025,48.51677],[7.67004,48.51687],[7.6697,48.51675],[7.66929,48.5167],[7.66653,48.51663],[7.66607,48.51669],[7.66589,48.51677],[7.66529,48.5166],[7.66462,48.5166],[7.66023,48.51671],[7.65869,48.5167],[7.65816,48.51672],[7.65794,48.51677],[7.6572,48.51671],[7.65493,48.51677],[7.65449,48.51684],[7.65437,48.51692],[7.65386,48.51681],[7.6524,48.51681],[7.65222,48.51685],[7.65219,48.51692],[7.65209,48.51695],[7.65054,48.51687],[7.65043,48.51691],[7.65033,48.51685],[7.64864,48.51645],[7.64609,48.51574],[7.64412,48.51527],[7.64217,48.51497],[7.64054,48.51486],[7.63959,48.51463],[7.63804,48.51448],[7.63779,48.5144],[7.63733,48.51441],[7.6303,48.51354],[7.622,48.5122],[7.61918,48.51181],[7.61684,48.51139],[7.61588,48.51115],[7.61479,48.51076],[7.61401,48.51039],[7.61342,48.51005],[7.61151,48.50876],[7.60998,48.50787],[7.60934,48.50737],[7.60927,48.50712],[7.60952,48.50607],[7.60938,48.50594],[7.60897,48.50577],[7.60721,48.50516],[7.60561,48.50482],[7.60367,48.50453],[7.60154,48.50437],[7.60026,48.50441],[7.59981,48.50451],[7.59975,48.50442],[7.5998,48.50434],[7.60011,48.50433]]}},{"type":"Feature","properties":{"ref":"60","mode":"bus","couleur":"#EC7007"},"geometry":{"type":"LineString","coordinates":[[7.72941,48.6415],[7.72942,48.64359],[7.72834,48.64347],[7.72639,48.64339],[7.72587,48.6434],[7.72574,48.64347],[7.72562,48.64348],[7.72543,48.64338],[7.72509,48.64333],[7.72327,48.6432],[7.72104,48.64292],[7.71965,48.6425],[7.71785,48.64207],[7.71547,48.64175],[7.71305,48.6416],[7.71278,48.64153],[7.71258,48.6414],[7.71223,48.64092],[7.71044,48.64048],[7.71026,48.64038],[7.71042,48.63983],[7.71131,48.63829],[7.7127,48.63646],[7.71264,48.63638],[7.71277,48.63634],[7.71368,48.6352],[7.7136,48.63517],[7.71358,48.63508],[7.71373,48.63503],[7.71391,48.63462],[7.71387,48.63423],[7.71369,48.63399],[7.71374,48.63386],[7.7139,48.6338],[7.71403,48.6338],[7.71434,48.634],[7.71583,48.63428],[7.71604,48.634],[7.71705,48.63179],[7.71751,48.63023],[7.71884,48.63034],[7.71968,48.63037],[7.72035,48.62568],[7.72038,48.62501],[7.72059,48.62399],[7.72063,48.62329],[7.72062,48.62272],[7.72053,48.62253],[7.72018,48.62232],[7.71977,48.62227],[7.71962,48.62209],[7.71967,48.62196],[7.71995,48.6218],[7.72014,48.62142],[7.72023,48.6208],[7.72019,48.62059],[7.72071,48.61709],[7.7206,48.6168],[7.72021,48.61633],[7.72002,48.61617],[7.71985,48.61617],[7.7197,48.61612],[7.71954,48.61598],[7.71952,48.61579],[7.71957,48.6157],[7.71972,48.6156],[7.71998,48.61555],[7.72025,48.61561],[7.72044,48.61574],[7.72087,48.61574],[7.72734,48.61513],[7.72905,48.61503],[7.72971,48.61515],[7.73152,48.61591],[7.73221,48.61608],[7.73307,48.61341],[7.73354,48.61162],[7.73391,48.61062],[7.73828,48.61107],[7.73929,48.611],[7.73941,48.61091],[7.73947,48.61032],[7.73954,48.61025],[7.74127,48.60966],[7.74161,48.60959],[7.74468,48.60921],[7.74496,48.60829],[7.74729,48.60791],[7.74787,48.60772],[7.74963,48.60741],[7.74898,48.60642],[7.7474,48.60454],[7.74741,48.60448],[7.74808,48.60418],[7.74846,48.60411],[7.74955,48.60396],[7.75032,48.604],[7.7503,48.6038],[7.74991,48.60303],[7.74859,48.60127],[7.74818,48.60085],[7.74887,48.60076],[7.75029,48.60099],[7.7509,48.60099],[7.75213,48.60081],[7.75374,48.60015],[7.7561,48.6003],[7.75684,48.60025],[7.76089,48.59922],[7.76143,48.59913],[7.76204,48.59911],[7.76199,48.59852]]}},{"type":"Feature","properties":{"ref":"62","mode":"bus","couleur":"#BDD753"},"geometry":{"type":"LineString","coordinates":[[7.68531,48.52101],[7.68523,48.52097],[7.68495,48.52031],[7.68497,48.52024],[7.68513,48.52021],[7.68522,48.52027],[7.68552,48.52101],[7.68557,48.52108],[7.68565,48.52109],[7.68633,48.52095],[7.68662,48.52081],[7.6868,48.52062],[7.68722,48.51989],[7.68733,48.51983],[7.69011,48.52043],[7.69272,48.52083],[7.69347,48.52086],[7.69421,48.52074],[7.6947,48.52076],[7.69482,48.52084],[7.69474,48.52099],[7.69447,48.52103],[7.69343,48.52152],[7.69315,48.5217],[7.69275,48.52205],[7.69001,48.52495],[7.68986,48.52526],[7.68964,48.52536],[7.6892,48.52577],[7.68823,48.52681],[7.68798,48.52725],[7.68802,48.5276],[7.68841,48.52834],[7.68883,48.52872],[7.69005,48.52956],[7.69048,48.52999],[7.69116,48.53161],[7.69126,48.53249],[7.69151,48.53279],[7.69199,48.53306],[7.69242,48.53321],[7.69635,48.53411],[7.69755,48.53427],[7.69869,48.53425],[7.69968,48.53406],[7.70392,48.53272],[7.70475,48.5325],[7.70741,48.53193],[7.70883,48.53156],[7.70907,48.53142],[7.70927,48.53122],[7.71018,48.53126],[7.7105,48.53119],[7.71066,48.53107],[7.71104,48.53003],[7.71135,48.52984],[7.70916,48.5264],[7.70663,48.52222],[7.70648,48.52213],[7.70566,48.52191],[7.70545,48.52174],[7.70519,48.52117],[7.70517,48.51999],[7.70507,48.5198],[7.70488,48.51963],[7.70378,48.51905],[7.70355,48.51898],[7.70347,48.51905],[7.7033,48.51903],[7.70326,48.51897],[7.70331,48.51889],[7.70301,48.51866],[7.70237,48.51824],[7.70186,48.51806],[7.70153,48.51812],[7.70094,48.51856],[7.70027,48.51879],[7.69978,48.5188],[7.69784,48.5186],[7.69719,48.51871],[7.69686,48.51891],[7.69667,48.51916],[7.69663,48.51934],[7.69672,48.51964],[7.69685,48.51979],[7.69701,48.51988],[7.6974,48.51997],[7.69768,48.51993],[7.69812,48.51963],[7.69892,48.5182],[7.69907,48.5177],[7.69908,48.51714],[7.69892,48.51653],[7.6988,48.51645],[7.69859,48.51611],[7.69756,48.51495],[7.69721,48.51439],[7.69691,48.5136],[7.69659,48.5119],[7.69659,48.51116],[7.69644,48.50983],[7.69615,48.50761],[7.69598,48.50688],[7.69559,48.50611],[7.69503,48.5054],[7.69358,48.5039],[7.69353,48.50348],[7.69317,48.50269],[7.69061,48.49897],[7.68985,48.4981],[7.68916,48.49751],[7.68813,48.4969],[7.68744,48.4966],[7.68753,48.49651],[7.68718,48.49611],[7.68513,48.49472],[7.68345,48.49289],[7.68311,48.49276],[7.68161,48.49257],[7.6814,48.49253],[7.68125,48.49244],[7.68018,48.49137],[7.67958,48.4897],[7.67847,48.48986],[7.67627,48.49025],[7.67515,48.49054],[7.67479,48.49075],[7.67439,48.49073],[7.67418,48.49076],[7.67407,48.49073],[7.67288,48.49095],[7.67278,48.49102],[7.67277,48.49112],[7.67308,48.49175],[7.67277,48.49112],[7.67283,48.49097],[7.67407,48.49073],[7.67428,48.49084],[7.67424,48.4908],[7.67418,48.49076],[7.67433,48.49099],[7.67207,48.49174],[7.67115,48.49228],[7.67072,48.4922],[7.67036,48.49201],[7.66971,48.4913],[7.66928,48.49137],[7.66867,48.49139],[7.66787,48.49133],[7.66718,48.49105],[7.66709,48.49112],[7.66691,48.49115],[7.6648,48.4903]]}},{"type":"Feature","properties":{"ref":"63","mode":"bus","couleur":"#7DBBDF"},"geometry":{"type":"LineString","coordinates":[[7.73295,48.52916],[7.73289,48.5291],[7.73253,48.52906],[7.73248,48.52894],[7.73233,48.52884],[7.73256,48.52874],[7.73302,48.52867],[7.73315,48.52859],[7.7338,48.52801],[7.73402,48.5277],[7.73408,48.5275],[7.73403,48.5273],[7.73412,48.52715],[7.73431,48.52705],[7.73456,48.52702],[7.73484,48.52688],[7.73495,48.52663],[7.73507,48.52661],[7.73528,48.52637],[7.73606,48.52577],[7.73654,48.5255],[7.73732,48.52516],[7.73746,48.52505],[7.7376,48.5248],[7.73763,48.52413],[7.73782,48.5239],[7.7381,48.52372],[7.73917,48.52345],[7.73968,48.52323],[7.74047,48.52271],[7.74076,48.52239],[7.74097,48.52205],[7.74108,48.52176],[7.74114,48.52124],[7.74105,48.5208],[7.74091,48.52049],[7.74053,48.51999],[7.74012,48.51966],[7.7393,48.51925],[7.73866,48.51906],[7.73797,48.51896],[7.73716,48.51896],[7.73677,48.51901],[7.73601,48.51918],[7.73517,48.51946],[7.73427,48.51964],[7.73256,48.51995],[7.73037,48.52023],[7.72996,48.52037],[7.72975,48.52052],[7.72967,48.52074],[7.72972,48.52089],[7.72997,48.52106],[7.73014,48.52111],[7.73049,48.5211],[7.73083,48.52091],[7.7309,48.52067],[7.73079,48.52028],[7.72955,48.51799],[7.72905,48.51668],[7.72829,48.51387],[7.72821,48.51308],[7.72822,48.51221],[7.72827,48.51189],[7.72856,48.51123],[7.72965,48.50984],[7.72999,48.50931],[7.72988,48.50915],[7.72994,48.50906],[7.73012,48.50899],[7.73019,48.50886],[7.7317,48.50355],[7.73179,48.50309],[7.73182,48.50225],[7.73168,48.50161],[7.73145,48.50137],[7.73163,48.50107],[7.73142,48.50003],[7.7313,48.49982],[7.73114,48.49975],[7.73107,48.49963],[7.73111,48.49951],[7.73124,48.49942],[7.73127,48.49895],[7.7302,48.4929],[7.73005,48.49251],[7.73009,48.49228],[7.72943,48.4888],[7.72392,48.48852],[7.72331,48.48859],[7.72267,48.48843],[7.72042,48.48768],[7.71982,48.48765],[7.7182,48.48815],[7.71784,48.48819],[7.71691,48.48817],[7.71602,48.48845],[7.71532,48.48854],[7.71441,48.48848],[7.70408,48.48884],[7.70372,48.48894],[7.70306,48.4893],[7.70237,48.48947],[7.70134,48.48957],[7.70032,48.48938],[7.7,48.48938],[7.6992,48.48966],[7.6969,48.48993],[7.6934,48.49062],[7.69043,48.49109],[7.68902,48.49129],[7.68512,48.49151],[7.682,48.49082],[7.68107,48.49071],[7.67993,48.49065],[7.67964,48.48975],[7.67958,48.4897],[7.67947,48.4897],[7.67627,48.49025],[7.67515,48.49054],[7.67479,48.49075],[7.67439,48.49073],[7.67418,48.49076],[7.67407,48.49073],[7.67288,48.49095],[7.67278,48.49102],[7.67277,48.49112],[7.67308,48.49175],[7.67277,48.49112],[7.67283,48.49097],[7.67407,48.49073],[7.67428,48.49084],[7.67424,48.4908],[7.67418,48.49076],[7.67433,48.49099],[7.67207,48.49174],[7.67115,48.49228],[7.67072,48.4922],[7.67036,48.49201],[7.66971,48.4913],[7.66928,48.49137],[7.66867,48.49139],[7.66787,48.49133],[7.66718,48.49105],[7.66709,48.49112],[7.66691,48.49115],[7.6648,48.4903]]}},{"type":"Feature","properties":{"ref":"63","mode":"bus","couleur":"#7DBBDF"},"geometry":{"type":"LineString","coordinates":[[7.73295,48.52916],[7.73289,48.5291],[7.73253,48.52906],[7.73248,48.52894],[7.73233,48.52884],[7.73256,48.52874],[7.73302,48.52867],[7.7338,48.52801],[7.73405,48.52764],[7.73408,48.5275],[7.73403,48.5273],[7.73412,48.52715],[7.73431,48.52705],[7.73456,48.52702],[7.73484,48.52688],[7.73495,48.52663],[7.73507,48.52661],[7.73528,48.52637],[7.73606,48.52577],[7.73654,48.5255],[7.73732,48.52516],[7.73746,48.52505],[7.7376,48.5248],[7.73763,48.52413],[7.73794,48.52381],[7.73825,48.52367],[7.73917,48.52345],[7.73968,48.52323],[7.74047,48.52271],[7.74089,48.52219],[7.74113,48.52152],[7.74114,48.52124],[7.74105,48.5208],[7.74074,48.52024],[7.74035,48.51983],[7.73965,48.51939],[7.73866,48.51906],[7.73797,48.51896],[7.73755,48.51894],[7.73716,48.51896],[7.73632,48.5191],[7.73542,48.5194],[7.73412,48.51822],[7.73418,48.51818],[7.73395,48.51825],[7.73372,48.51816],[7.73368,48.518],[7.73378,48.5179],[7.73395,48.51786],[7.73418,48.51793],[7.73425,48.51808],[7.73417,48.51826],[7.73444,48.51851]]}},{"type":"Feature","properties":{"ref":"64","mode":"bus","couleur":"#EA5297"},"geometry":{"type":"LineString","coordinates":[[7.68931,48.5328],[7.68544,48.53247],[7.68513,48.53249],[7.68493,48.53257],[7.68477,48.53252],[7.68473,48.53244],[7.68491,48.53222],[7.68521,48.5303],[7.68517,48.53021],[7.6853,48.53013],[7.68542,48.53016],[7.68547,48.53023],[7.6859,48.5302],[7.68733,48.53023],[7.68767,48.53027],[7.68822,48.53044],[7.69007,48.53143],[7.69035,48.53147],[7.69084,48.53128],[7.69029,48.52979],[7.6899,48.52944],[7.6885,48.52844],[7.68822,48.52804],[7.68799,48.52749],[7.68798,48.52725],[7.68809,48.52699],[7.68948,48.52544],[7.68961,48.52514],[7.68991,48.52496],[7.69214,48.52255],[7.69305,48.52166],[7.69335,48.52146],[7.69434,48.52098],[7.69452,48.52077],[7.69463,48.52075],[7.69485,48.52083],[7.69509,48.52082],[7.69586,48.52053],[7.6963,48.5203],[7.69651,48.52004],[7.69652,48.51933],[7.69662,48.51907],[7.69691,48.51879],[7.69732,48.51863],[7.69784,48.5186],[7.69978,48.5188],[7.70027,48.51879],[7.70094,48.51856],[7.70153,48.51812],[7.70192,48.51774],[7.70276,48.51714],[7.70592,48.51464],[7.70482,48.51386],[7.70475,48.51375],[7.70482,48.51386],[7.70478,48.51365],[7.70957,48.50971],[7.70992,48.50959],[7.71034,48.50967],[7.71302,48.51109],[7.71323,48.51126],[7.71286,48.51174],[7.71251,48.51256],[7.71232,48.51366],[7.713,48.51369],[7.71581,48.51326],[7.71608,48.51329],[7.71706,48.51355],[7.71791,48.51348],[7.71778,48.51275],[7.71782,48.51247],[7.71795,48.51242],[7.71855,48.51256],[7.71969,48.51269],[7.72132,48.51282],[7.72203,48.5128],[7.72242,48.51275],[7.72258,48.51295],[7.72315,48.51446],[7.72338,48.51476],[7.72502,48.51645],[7.72561,48.51721],[7.72579,48.51757],[7.72583,48.51787],[7.72578,48.52049],[7.72585,48.5217],[7.72573,48.5224],[7.72549,48.52305],[7.72522,48.52355],[7.72525,48.52367],[7.72592,48.52387],[7.72615,48.5241],[7.72617,48.52426],[7.7261,48.52442],[7.72571,48.52491],[7.72567,48.52504],[7.72585,48.52558],[7.72619,48.52629],[7.72673,48.52685],[7.72719,48.52807],[7.72718,48.5283],[7.72683,48.52892],[7.72682,48.52914],[7.72697,48.52955],[7.7294,48.52908],[7.73074,48.5289],[7.73203,48.5288],[7.73233,48.52884],[7.73248,48.52894],[7.73233,48.52884],[7.73258,48.52916],[7.73285,48.52977],[7.73308,48.52971],[7.73314,48.52948]]}},{"type":"Feature","properties":{"ref":"64","mode":"bus","couleur":"#EA5297"},"geometry":{"type":"LineString","coordinates":[[7.6933,48.55106],[7.6934,48.55132],[7.69314,48.5511],[7.69166,48.55132],[7.68782,48.55089],[7.6873,48.55064],[7.68596,48.54969],[7.68492,48.54907],[7.68223,48.54821],[7.68111,48.54798],[7.68187,48.54552],[7.68185,48.54428],[7.68192,48.54387],[7.68221,48.54332],[7.68303,48.54254],[7.68322,48.5423],[7.68333,48.54203],[7.68424,48.53645],[7.68421,48.53618],[7.68411,48.53613],[7.68409,48.53605],[7.68377,48.53609],[7.67842,48.53591],[7.67851,48.53536],[7.67908,48.53387],[7.67915,48.5323],[7.68453,48.53237],[7.68493,48.53229],[7.68544,48.53247],[7.68936,48.5328],[7.68967,48.53277],[7.68972,48.53285],[7.68967,48.53288],[7.68936,48.5328]]}},{"type":"Feature","properties":{"ref":"67","mode":"bus","couleur":"#6DB122"},"geometry":{"type":"LineString","coordinates":[[7.73696,48.54487],[7.73664,48.54493],[7.73654,48.54492],[7.73619,48.54454],[7.73619,48.54448],[7.73631,48.54437],[7.73673,48.54419],[7.73685,48.54405],[7.73622,48.54331],[7.73349,48.53871],[7.73305,48.53826],[7.73255,48.53803],[7.73189,48.5379],[7.72943,48.53806],[7.7291,48.53804],[7.7288,48.53797],[7.7285,48.53782],[7.72631,48.53637],[7.72282,48.53398],[7.72108,48.53308],[7.71926,48.53238],[7.71846,48.53216],[7.71784,48.53207],[7.71589,48.53193],[7.71532,48.53183],[7.71145,48.52994],[7.71073,48.52892],[7.70663,48.52222],[7.70648,48.52213],[7.70566,48.52191],[7.70545,48.52174],[7.70519,48.52117],[7.70518,48.52008],[7.70512,48.51988],[7.70531,48.51981],[7.7058,48.51929],[7.70611,48.51912],[7.70674,48.51955],[7.70856,48.51985],[7.70901,48.52003],[7.71002,48.51904],[7.71008,48.51891],[7.71007,48.51806],[7.70972,48.51693],[7.71058,48.51616],[7.71146,48.51565],[7.71194,48.51501],[7.71243,48.51264],[7.71305,48.51135],[7.71355,48.5108],[7.7143,48.51016],[7.71576,48.5088],[7.71615,48.50836],[7.71687,48.50734],[7.71728,48.50662],[7.71735,48.50631],[7.71727,48.50616],[7.71734,48.50609],[7.71746,48.50607],[7.71769,48.50556],[7.71791,48.50414],[7.71767,48.50011],[7.71723,48.49823],[7.71719,48.49785],[7.71727,48.49716],[7.71744,48.49647],[7.71658,48.49461],[7.71648,48.49332],[7.71585,48.49117],[7.71541,48.49061],[7.71551,48.4902],[7.7159,48.48981],[7.71628,48.4892],[7.71623,48.48879],[7.71555,48.48792],[7.71467,48.48516],[7.71415,48.48435],[7.71318,48.48305],[7.71179,48.48027],[7.71002,48.48002],[7.70941,48.47987],[7.70733,48.47908],[7.70667,48.47878],[7.70636,48.47853],[7.7063,48.47836],[7.7069,48.47745],[7.70702,48.47712],[7.70689,48.47682],[7.70637,48.47628],[7.70694,48.47607],[7.70732,48.47598],[7.71117,48.47561],[7.71182,48.47544],[7.71181,48.47377],[7.7117,48.47267],[7.71152,48.47196],[7.71156,48.47178],[7.71173,48.47167],[7.7146,48.47117],[7.71607,48.47099],[7.71717,48.4708],[7.71787,48.47079],[7.71985,48.47091],[7.7204,48.47088],[7.7219,48.47063],[7.72368,48.47012],[7.72385,48.47004],[7.72455,48.47052],[7.72524,48.47083],[7.72576,48.47047],[7.72631,48.46993],[7.72689,48.46992],[7.72746,48.47002],[7.72799,48.46986],[7.72895,48.46908],[7.72954,48.46784],[7.73059,48.46734],[7.73069,48.46727],[7.73071,48.46717],[7.73081,48.46719],[7.73118,48.46706],[7.73366,48.46598],[7.7356,48.46531],[7.73587,48.46565]]}},{"type":"Feature","properties":{"ref":"70","mode":"bus","couleur":"#F8B705"},"geometry":{"type":"LineString","coordinates":[[7.79004,48.61449],[7.79024,48.61482],[7.79016,48.61488],[7.78991,48.61493],[7.7893,48.61412],[7.78932,48.61341],[7.78878,48.61323],[7.78828,48.61292],[7.78564,48.60999],[7.78521,48.60982],[7.78484,48.60979],[7.78437,48.60987],[7.78155,48.61102],[7.78117,48.61122],[7.78083,48.61147],[7.77149,48.61325],[7.77089,48.61329],[7.77004,48.6132],[7.76952,48.61311],[7.76741,48.61257],[7.7665,48.61254],[7.76073,48.61404],[7.75916,48.61435],[7.75891,48.61435],[7.75864,48.61428],[7.75677,48.61371],[7.75524,48.6135],[7.75442,48.61364],[7.75434,48.61371],[7.75424,48.61366],[7.75378,48.61377],[7.75315,48.61386],[7.75217,48.61409],[7.75206,48.61403],[7.74588,48.6143],[7.74234,48.61484],[7.74206,48.61482],[7.74013,48.6144],[7.73956,48.61439],[7.73899,48.6144],[7.7365,48.61463],[7.73403,48.61473],[7.7339,48.61482],[7.73364,48.61614],[7.73352,48.61622],[7.73261,48.61611],[7.73204,48.6161],[7.73171,48.61605],[7.73134,48.61595],[7.7297,48.61524],[7.7289,48.61511],[7.72733,48.61519],[7.72614,48.61534],[7.72081,48.61583],[7.72048,48.6159],[7.72034,48.61606],[7.72015,48.61615],[7.71985,48.61617],[7.7197,48.61612],[7.71954,48.61598],[7.71952,48.61579],[7.71957,48.6157],[7.7195,48.61559],[7.71355,48.6114],[7.71316,48.61119],[7.7113,48.60991],[7.71114,48.60956],[7.71022,48.60809],[7.70962,48.6068],[7.70956,48.60656],[7.70787,48.6049],[7.70776,48.60484],[7.70755,48.60483],[7.70696,48.60509],[7.70672,48.60513],[7.70648,48.60509],[7.70621,48.60493],[7.70602,48.60494],[7.70596,48.60485],[7.706,48.60479],[7.69965,48.60014],[7.69865,48.60061],[7.69718,48.60114],[7.69695,48.60115],[7.69503,48.5991],[7.69507,48.59891],[7.69622,48.59657],[7.69417,48.59506],[7.69416,48.59494],[7.69483,48.59352],[7.69481,48.59341],[7.69467,48.59331],[7.69475,48.59319],[7.69469,48.59302],[7.69175,48.59117],[7.69116,48.58971],[7.69085,48.58958],[7.69058,48.58956],[7.68952,48.58967],[7.68895,48.58966],[7.68754,48.58927],[7.68738,48.58907],[7.68741,48.58915],[7.68745,48.58921],[7.68738,48.58878],[7.68738,48.58602],[7.68729,48.58559],[7.68699,48.58511],[7.68692,48.58479],[7.69123,48.58285],[7.69295,48.58198],[7.6951,48.58099],[7.69533,48.58088],[7.69589,48.58045],[7.69182,48.58063],[7.69093,48.58059],[7.68808,48.58031],[7.68731,48.58036],[7.68712,48.58041],[7.68731,48.58036],[7.68644,48.58078],[7.68416,48.58176],[7.67477,48.58625],[7.67273,48.58679],[7.66824,48.58702],[7.66747,48.587],[7.66673,48.58692],[7.66682,48.58565],[7.66682,48.58441],[7.66667,48.5841],[7.66629,48.58364],[7.66607,48.58311],[7.66599,48.58219],[7.66642,48.5812],[7.66642,48.58047],[7.66664,48.57938],[7.66659,48.57898]]}},{"type":"Feature","properties":{"ref":"71","mode":"bus","couleur":"#73B3DE"},"geometry":{"type":"LineString","coordinates":[[7.69817,48.68516],[7.69811,48.68498],[7.69679,48.68438],[7.69666,48.68438],[7.69666,48.68429],[7.69656,48.68422],[7.69541,48.6837],[7.69368,48.6826],[7.69334,48.68224],[7.69306,48.68177],[7.69308,48.68165],[7.69413,48.68123],[7.69443,48.68105],[7.69453,48.68088],[7.69441,48.68026],[7.69609,48.67885],[7.69662,48.67858],[7.69829,48.67813],[7.69895,48.67782],[7.7035,48.67367],[7.70389,48.67312],[7.70396,48.67282],[7.704,48.67162],[7.70393,48.67075],[7.70379,48.6707],[7.70381,48.67061],[7.70391,48.67057],[7.70401,48.67061],[7.70508,48.67025],[7.70664,48.6693],[7.70681,48.6693],[7.70722,48.6695],[7.70736,48.66952],[7.70798,48.6693],[7.70863,48.66915],[7.70922,48.66913],[7.71028,48.66927],[7.71046,48.6685],[7.71078,48.66788],[7.71125,48.66624],[7.71156,48.66484],[7.71561,48.66561],[7.7176,48.66589],[7.71753,48.66646],[7.71742,48.66664],[7.71598,48.66772],[7.71624,48.66791],[7.71903,48.66741],[7.71953,48.66714],[7.71977,48.66605],[7.71999,48.66306],[7.72034,48.66188],[7.72024,48.66174],[7.72028,48.66167],[7.7205,48.6616],[7.72061,48.66147],[7.72064,48.66124],[7.72137,48.65918],[7.72207,48.65603],[7.72371,48.65072],[7.72424,48.64842],[7.72424,48.64829],[7.72408,48.64812],[7.72409,48.64798],[7.72421,48.64785],[7.72446,48.64779],[7.72469,48.64783],[7.72488,48.64798],[7.72546,48.64811],[7.72581,48.64814],[7.72713,48.64811],[7.72906,48.6479],[7.72962,48.64777],[7.73044,48.64744],[7.73095,48.64713],[7.73183,48.64638],[7.73229,48.64572],[7.7324,48.64532],[7.73239,48.64509],[7.73219,48.6443],[7.73183,48.64336],[7.73118,48.6422],[7.73078,48.64159],[7.72945,48.63991],[7.72586,48.63613],[7.72523,48.63535],[7.72462,48.63439],[7.72424,48.63363],[7.72378,48.6322],[7.72363,48.63099],[7.72367,48.62985],[7.72399,48.62838],[7.72581,48.62371],[7.72616,48.6222],[7.72628,48.62029],[7.72644,48.61461],[7.72666,48.6117],[7.72716,48.60734],[7.72733,48.60665],[7.72784,48.60552],[7.72831,48.60482],[7.72906,48.60399],[7.72999,48.60324],[7.73043,48.60295],[7.73089,48.60266],[7.7336,48.60126],[7.7337,48.60116],[7.73598,48.59995],[7.73967,48.59814],[7.74034,48.59769],[7.74088,48.59723],[7.7413,48.59671],[7.74164,48.59612],[7.74196,48.59542],[7.74212,48.59482],[7.74209,48.5941],[7.74172,48.5927],[7.74172,48.5919],[7.74177,48.59177],[7.74209,48.5915],[7.74254,48.59135],[7.74303,48.59134],[7.74349,48.59149],[7.74433,48.59077],[7.74461,48.59061],[7.74645,48.58707],[7.74642,48.58713],[7.74635,48.58696],[7.74155,48.58507],[7.74137,48.58519],[7.74003,48.58709]]}},{"type":"Feature","properties":{"ref":"71","mode":"bus","couleur":"#73B3DE"},"geometry":{"type":"LineString","coordinates":[[7.74003,48.58709],[7.73977,48.58743],[7.7398,48.58749],[7.73959,48.58779],[7.73932,48.58809],[7.74099,48.58956],[7.74207,48.59118],[7.74238,48.59139],[7.74288,48.59133],[7.74336,48.59143],[7.74369,48.59162],[7.74388,48.59193],[7.74389,48.5923],[7.74319,48.59379],[7.74303,48.59434],[7.7429,48.59538],[7.74277,48.59582],[7.74254,48.5962],[7.74211,48.59664],[7.73897,48.59891],[7.7379,48.59945],[7.73563,48.60041],[7.73202,48.60223],[7.73055,48.60305],[7.72924,48.60407],[7.72851,48.60486],[7.72804,48.60556],[7.72766,48.6063],[7.72737,48.60735],[7.72678,48.61257],[7.72664,48.61466],[7.72647,48.6208],[7.72629,48.62261],[7.72583,48.62424],[7.72418,48.62843],[7.72393,48.62941],[7.72383,48.63022],[7.72385,48.63133],[7.72408,48.63259],[7.72462,48.63398],[7.72525,48.63506],[7.72608,48.63613],[7.72898,48.63914],[7.73066,48.64111],[7.7313,48.64204],[7.73223,48.64358],[7.73352,48.64601],[7.73392,48.64635],[7.73496,48.64655],[7.73587,48.64692],[7.73609,48.6471],[7.73622,48.64731],[7.73625,48.64753],[7.7362,48.64772],[7.73588,48.6481],[7.73521,48.6485],[7.73444,48.64877],[7.73359,48.64891],[7.7328,48.6489],[7.73224,48.64882],[7.73179,48.64871],[7.73035,48.64824],[7.72929,48.64811],[7.72733,48.64821],[7.72661,48.64845],[7.72617,48.64853],[7.72501,48.64844],[7.72473,48.64853],[7.72458,48.64863],[7.7242,48.64945],[7.72367,48.65153],[7.72213,48.65625],[7.72149,48.65906],[7.72072,48.66122],[7.72068,48.66182],[7.72048,48.66191],[7.72038,48.66201],[7.72006,48.66267],[7.71994,48.66345],[7.71977,48.66605],[7.71948,48.66745],[7.71903,48.66741],[7.71624,48.66791],[7.71598,48.66772],[7.71746,48.66659],[7.71744,48.66596],[7.71704,48.66584],[7.71561,48.66561],[7.71156,48.66484],[7.71125,48.66624],[7.71078,48.66788],[7.71046,48.6685],[7.71028,48.66927],[7.70922,48.66913],[7.70863,48.66915],[7.70798,48.6693],[7.70736,48.66952],[7.70722,48.6695],[7.70681,48.6693],[7.70664,48.6693],[7.7052,48.67019],[7.70401,48.67061],[7.70403,48.67069],[7.70393,48.67075],[7.70402,48.67199],[7.70396,48.67282],[7.70384,48.67326],[7.70368,48.67349],[7.69895,48.67782],[7.69829,48.67813],[7.69662,48.67858],[7.69609,48.67885],[7.69441,48.68026],[7.69453,48.68088],[7.69443,48.68105],[7.69413,48.68123],[7.69316,48.68161],[7.69306,48.6817],[7.69339,48.68232],[7.69368,48.6826],[7.69541,48.6837],[7.69666,48.68429],[7.69679,48.68429],[7.69679,48.68438],[7.69688,48.68444],[7.69847,48.68516],[7.69832,48.68525],[7.69817,48.68516]]}},{"type":"Feature","properties":{"ref":"72","mode":"bus","couleur":"#F3C6DB"},"geometry":{"type":"LineString","coordinates":[[7.81266,48.66931],[7.81305,48.66946],[7.81319,48.66941],[7.81328,48.66929],[7.81358,48.66941],[7.8134,48.66959],[7.81127,48.66879],[7.81092,48.66861],[7.8096,48.66738],[7.80897,48.66648],[7.80869,48.66578],[7.80808,48.6651],[7.80793,48.66503],[7.8079,48.66491],[7.8118,48.66332],[7.81304,48.66287],[7.81414,48.66264],[7.81469,48.66259],[7.81543,48.66257],[7.81614,48.66262],[7.81687,48.66273],[7.8177,48.66295],[7.82208,48.66491],[7.82297,48.6652],[7.82337,48.66524],[7.82345,48.66537],[7.82439,48.666],[7.82488,48.66644],[7.8258,48.66708],[7.82774,48.66811],[7.82814,48.66822],[7.82839,48.66818],[7.82859,48.66831],[7.82855,48.66847],[7.82827,48.66854],[7.82781,48.66875],[7.82244,48.67242],[7.82123,48.67328],[7.82013,48.67415],[7.81783,48.67558],[7.81607,48.6763],[7.81596,48.6762],[7.81592,48.67598],[7.81577,48.6758],[7.81449,48.6762],[7.81449,48.67631],[7.81433,48.67637],[7.81418,48.67631],[7.81416,48.67625],[7.81425,48.67615],[7.81434,48.67613],[7.81449,48.6762],[7.81577,48.6758],[7.81628,48.67622],[7.81783,48.67558],[7.82013,48.67415],[7.82123,48.67328],[7.82244,48.67242],[7.82781,48.66875],[7.8281,48.66847],[7.82805,48.66832],[7.82814,48.66822],[7.82831,48.66818],[7.82887,48.66822],[7.82964,48.66882],[7.8311,48.66906],[7.83134,48.66901],[7.83187,48.66804],[7.83096,48.66794],[7.82685,48.66602],[7.82657,48.6658],[7.82477,48.66494],[7.82441,48.66478],[7.82422,48.66483],[7.82371,48.66459],[7.82364,48.66445],[7.82255,48.66395],[7.82242,48.66393],[7.82243,48.6635],[7.82166,48.66144],[7.8233,48.66105],[7.82381,48.66],[7.82399,48.65979],[7.82437,48.65976],[7.82483,48.6598],[7.82493,48.65974],[7.825,48.65978],[7.82649,48.65869],[7.82957,48.65732],[7.83013,48.65673],[7.83117,48.65528],[7.83119,48.65507],[7.8312,48.65517],[7.83115,48.65498],[7.83092,48.65464],[7.8305,48.65414],[7.83018,48.65389],[7.82992,48.65377],[7.82959,48.65365],[7.8291,48.65355],[7.82766,48.65346],[7.82697,48.65335],[7.82628,48.65314],[7.82564,48.65272],[7.82452,48.65134],[7.82337,48.65011],[7.82323,48.64988],[7.82285,48.64864],[7.82283,48.6483],[7.82297,48.64787],[7.82336,48.64716],[7.82342,48.64678],[7.82333,48.64637],[7.82236,48.64494],[7.82168,48.64432],[7.8206,48.64355],[7.81992,48.64325],[7.81949,48.64314],[7.81861,48.64302],[7.81804,48.64304],[7.81596,48.64343],[7.81508,48.64353],[7.81392,48.64346],[7.81275,48.64324],[7.81232,48.64305],[7.80718,48.6396],[7.80625,48.63888],[7.80602,48.63862],[7.80583,48.63826],[7.80576,48.63792],[7.80581,48.63583],[7.80625,48.63452],[7.80631,48.63424],[7.80627,48.63405],[7.80613,48.63372],[7.80542,48.6326],[7.80504,48.63213],[7.80473,48.63158],[7.80435,48.63013],[7.80445,48.62974],[7.80463,48.62946],[7.80563,48.6287],[7.80577,48.62844],[7.80571,48.62806],[7.80512,48.62722],[7.80416,48.62631],[7.80364,48.62561],[7.80195,48.6243],[7.80141,48.62367],[7.80115,48.62297],[7.80099,48.62278],[7.80072,48.62261],[7.79945,48.62197],[7.79833,48.62154],[7.79496,48.61992],[7.79425,48.61947],[7.7939,48.61938],[7.79008,48.61905],[7.78977,48.61898],[7.78949,48.61885],[7.78905,48.61847],[7.78866,48.61772],[7.78769,48.61669],[7.78736,48.61617],[7.78656,48.61543],[7.78635,48.61535],[7.78509,48.61533],[7.78489,48.61527],[7.78474,48.61516],[7.78418,48.61444],[7.78305,48.61275],[7.78144,48.61147],[7.78132,48.61145],[7.78108,48.61126],[7.78046,48.61009],[7.77999,48.60954],[7.77948,48.60872],[7.77912,48.60827],[7.77969,48.60734],[7.78131,48.60429],[7.7821,48.60374],[7.78264,48.60307],[7.78298,48.60274],[7.78268,48.60196],[7.78171,48.60101],[7.78136,48.60072],[7.78101,48.60055],[7.77981,48.60018],[7.77929,48.59983],[7.77893,48.59934],[7.77782,48.5987],[7.7772,48.59814],[7.77647,48.59699],[7.77479,48.59597],[7.77448,48.59575],[7.77448,48.59569],[7.77009,48.5925],[7.76991,48.59242],[7.76867,48.59106],[7.76241,48.58572],[7.76221,48.58564],[7.76163,48.58562],[7.76065,48.58539],[7.76022,48.58542],[7.75518,48.58688]]}},{"type":"Feature","properties":{"ref":"73","mode":"bus","couleur":"#B5833C"},"geometry":{"type":"LineString","coordinates":[[7.74003,48.58709],[7.73977,48.58743],[7.7398,48.58749],[7.73959,48.58779],[7.73932,48.58809],[7.74099,48.58956],[7.74207,48.59118],[7.74238,48.59139],[7.74288,48.59133],[7.74336,48.59143],[7.74369,48.59162],[7.74388,48.59193],[7.74389,48.5923],[7.74319,48.59379],[7.74303,48.59434],[7.7429,48.59538],[7.74277,48.59582],[7.74254,48.5962],[7.74211,48.59664],[7.73897,48.59891],[7.7379,48.59945],[7.73563,48.60041],[7.73202,48.60223],[7.73055,48.60305],[7.72924,48.60407],[7.72851,48.60486],[7.72804,48.60556],[7.72766,48.6063],[7.72737,48.60735],[7.72678,48.61257],[7.72664,48.61466],[7.72647,48.6208],[7.72629,48.62261],[7.72583,48.62424],[7.72418,48.62843],[7.72393,48.62941],[7.72383,48.63022],[7.72385,48.63133],[7.72408,48.63259],[7.72462,48.63398],[7.72525,48.63506],[7.72608,48.63613],[7.72898,48.63914],[7.73066,48.64111],[7.7313,48.64204],[7.73223,48.64358],[7.73352,48.64601],[7.73392,48.64635],[7.73512,48.6466],[7.73572,48.64684],[7.73598,48.647],[7.73617,48.6472],[7.73625,48.64743],[7.7362,48.64772],[7.73608,48.6479],[7.73563,48.64828],[7.73492,48.64863],[7.73427,48.64882],[7.73341,48.64892],[7.7328,48.6489],[7.73224,48.64882],[7.73179,48.64871],[7.73035,48.64824],[7.72946,48.64812],[7.72876,48.64811],[7.72733,48.64821],[7.72661,48.64845],[7.72622,48.64851],[7.72572,48.64846],[7.72502,48.64823],[7.72483,48.64824],[7.7246,48.64834],[7.72436,48.64833],[7.72411,48.64819],[7.72407,48.64802],[7.72414,48.6479],[7.72432,48.6478],[7.72444,48.64766],[7.72501,48.64584],[7.72537,48.64388],[7.72544,48.64383],[7.7255,48.64363],[7.7255,48.64344],[7.72543,48.64338],[7.72327,48.6432],[7.72104,48.64292],[7.71965,48.6425],[7.71785,48.64207],[7.71547,48.64175],[7.71305,48.6416],[7.71278,48.64153],[7.71258,48.6414],[7.71223,48.64092],[7.71029,48.64042],[7.71003,48.64122],[7.71015,48.6422],[7.7101,48.64237],[7.70893,48.64261],[7.70903,48.64259],[7.70848,48.64263],[7.70745,48.64258],[7.70703,48.64279],[7.70538,48.64301],[7.70403,48.64351],[7.70286,48.64401],[7.70256,48.6442],[7.70243,48.64441],[7.70292,48.64718],[7.70279,48.64739],[7.70171,48.64812],[7.70164,48.6491],[7.70148,48.64989],[7.70089,48.65012],[7.70023,48.65059],[7.69933,48.65104],[7.69859,48.65126],[7.69808,48.65133],[7.69771,48.65133],[7.69734,48.65145],[7.69642,48.65188],[7.6957,48.65227],[7.69542,48.652],[7.69518,48.65155],[7.69515,48.65144],[7.69522,48.65122],[7.69404,48.65124],[7.69312,48.64946],[7.69314,48.64902],[7.69338,48.64848],[7.69189,48.64816],[7.6914,48.64798],[7.68853,48.64719],[7.68835,48.6472]]}},{"type":"Feature","properties":{"ref":"73","mode":"bus","couleur":"#B5833C"},"geometry":{"type":"LineString","coordinates":[[7.68835,48.6472],[7.68792,48.64713],[7.68789,48.64702],[7.68809,48.64696],[7.6882,48.64706],[7.68853,48.64719],[7.6914,48.64798],[7.6919,48.64808],[7.6923,48.64823],[7.69338,48.64848],[7.69314,48.64902],[7.69312,48.64946],[7.69404,48.65124],[7.69536,48.65121],[7.69711,48.65125],[7.69801,48.65133],[7.69878,48.65122],[7.69964,48.6509],[7.70043,48.65046],[7.70069,48.65023],[7.70148,48.64989],[7.70164,48.6491],[7.70171,48.64812],[7.70288,48.64729],[7.7029,48.64704],[7.70243,48.64441],[7.70256,48.6442],[7.70286,48.64401],[7.70424,48.64342],[7.70538,48.64301],[7.70703,48.64279],[7.70745,48.64258],[7.70881,48.64262],[7.7101,48.64237],[7.71015,48.6422],[7.71003,48.64122],[7.71029,48.64042],[7.71223,48.64092],[7.71258,48.6414],[7.71278,48.64153],[7.71305,48.6416],[7.71547,48.64175],[7.71807,48.6421],[7.71965,48.6425],[7.72104,48.64292],[7.72327,48.6432],[7.72509,48.64333],[7.72542,48.64326],[7.72559,48.64315],[7.7258,48.64316],[7.72591,48.64331],[7.72564,48.64363],[7.72487,48.64728],[7.72487,48.64757],[7.72501,48.6478],[7.72517,48.64791],[7.72547,48.64803],[7.72581,48.6481],[7.72713,48.64811],[7.72906,48.6479],[7.72962,48.64777],[7.73013,48.64759],[7.73073,48.64728],[7.73156,48.64665],[7.73198,48.64622],[7.73222,48.64588],[7.73236,48.64552],[7.73234,48.64477],[7.73183,48.64336],[7.73118,48.6422],[7.73048,48.64117],[7.72945,48.63991],[7.72551,48.63572],[7.72482,48.63473],[7.72441,48.63399],[7.72402,48.63304],[7.7237,48.63177],[7.72362,48.63061],[7.72367,48.62985],[7.72399,48.62838],[7.72581,48.62371],[7.72616,48.6222],[7.72628,48.62029],[7.72644,48.61461],[7.72666,48.6117],[7.72716,48.60734],[7.72733,48.60665],[7.72784,48.60552],[7.72831,48.60482],[7.72906,48.60399],[7.72999,48.60324],[7.73043,48.60295],[7.73089,48.60266],[7.7336,48.60126],[7.7337,48.60116],[7.73598,48.59995],[7.73967,48.59814],[7.74034,48.59769],[7.74088,48.59723],[7.7413,48.59671],[7.74164,48.59612],[7.74196,48.59542],[7.74212,48.59482],[7.74209,48.5941],[7.74172,48.5927],[7.74172,48.5919],[7.74177,48.59177],[7.74209,48.5915],[7.74254,48.59135],[7.74303,48.59134],[7.74349,48.59149],[7.74433,48.59077],[7.74461,48.59061],[7.74645,48.58707],[7.74642,48.58713],[7.74635,48.58696],[7.74155,48.58507],[7.74137,48.58519],[7.74003,48.58709]]}},{"type":"Feature","properties":{"ref":"74","mode":"bus","couleur":"#008231"},"geometry":{"type":"LineString","coordinates":[[7.75894,48.62778],[7.75901,48.62753],[7.75793,48.62696],[7.75776,48.62693],[7.75765,48.62677],[7.75741,48.6266],[7.75725,48.62656],[7.75558,48.62574],[7.75453,48.62505],[7.75429,48.62518],[7.75423,48.62524],[7.75402,48.62606],[7.75386,48.627],[7.75366,48.63035],[7.75351,48.63114],[7.75355,48.63149],[7.75397,48.63264],[7.75418,48.63539],[7.75454,48.63697],[7.75443,48.63727],[7.75355,48.63855],[7.75344,48.63887],[7.75341,48.63922],[7.75354,48.64049],[7.7541,48.64195],[7.75421,48.64201],[7.75424,48.64208],[7.75397,48.64252],[7.75292,48.64519],[7.75269,48.64633],[7.7524,48.64679],[7.75187,48.64735],[7.75176,48.64758],[7.75185,48.64908],[7.7517,48.64992],[7.75178,48.65052],[7.7514,48.65334],[7.75156,48.65389],[7.75124,48.65392],[7.75122,48.65382],[7.7514,48.65334],[7.75135,48.65305],[7.75252,48.65349],[7.75373,48.65415],[7.75425,48.65455],[7.75462,48.65493],[7.75576,48.65657],[7.75598,48.6568],[7.75683,48.65796],[7.75771,48.65956],[7.75895,48.66155],[7.75938,48.66249],[7.75983,48.6638],[7.76015,48.66425],[7.76038,48.66432],[7.76052,48.66431],[7.76168,48.66394],[7.76185,48.66398],[7.76422,48.66319],[7.7649,48.66307],[7.76538,48.66308],[7.77019,48.66359],[7.77074,48.66375],[7.77106,48.66399],[7.77156,48.66465],[7.77391,48.66785],[7.77401,48.66814],[7.77389,48.66856],[7.77378,48.66867],[7.77199,48.66975],[7.77195,48.67001],[7.77203,48.67008],[7.77204,48.67022],[7.77186,48.67034],[7.77163,48.67033],[7.77147,48.67018],[7.77154,48.67003],[7.77176,48.66996],[7.7719,48.6698],[7.77364,48.66877],[7.77389,48.66856],[7.77401,48.66814],[7.77391,48.66785],[7.77372,48.66758]]}},{"type":"Feature","properties":{"ref":"74","mode":"bus","couleur":"#008231"},"geometry":{"type":"LineString","coordinates":[[7.72092,48.66045],[7.7215,48.65869],[7.72207,48.65603],[7.72371,48.65072],[7.72424,48.64842],[7.72424,48.64829],[7.72411,48.64819],[7.72407,48.64802],[7.72414,48.6479],[7.72432,48.6478],[7.72458,48.6478],[7.72475,48.64786],[7.72488,48.64798],[7.72546,48.64811],[7.72581,48.64814],[7.72737,48.6481],[7.72945,48.64786],[7.73018,48.64765],[7.73058,48.64748],[7.73174,48.64682],[7.7322,48.64664],[7.73344,48.64641],[7.73409,48.6464],[7.73462,48.64648],[7.73562,48.64674],[7.73791,48.64771],[7.73919,48.64836],[7.74924,48.6523],[7.74952,48.65237],[7.75089,48.65288],[7.75119,48.6529],[7.75138,48.65283],[7.75145,48.65238],[7.75151,48.65233],[7.75153,48.65189],[7.75178,48.65052],[7.7517,48.64992],[7.75185,48.64908],[7.75176,48.64758],[7.75187,48.64735],[7.7524,48.64679],[7.75269,48.64633],[7.7529,48.64526],[7.75397,48.64252],[7.75398,48.64217],[7.75387,48.64207],[7.75398,48.64196],[7.75397,48.64187],[7.75356,48.64072],[7.75343,48.63972],[7.75342,48.63898],[7.75366,48.63834],[7.75443,48.63727],[7.75454,48.63691],[7.75418,48.63539],[7.75397,48.63264],[7.75355,48.63149],[7.75351,48.63114],[7.75366,48.63035],[7.75386,48.627],[7.75422,48.62516],[7.75432,48.62503],[7.7546,48.62498],[7.75538,48.62553],[7.75741,48.6266],[7.7578,48.62677],[7.75799,48.62678],[7.75803,48.62688],[7.75858,48.6272],[7.75879,48.62741],[7.75846,48.6277],[7.75836,48.62803]]}},{"type":"Feature","properties":{"ref":"74","mode":"bus","couleur":"#008231"},"geometry":{"type":"LineString","coordinates":[[7.75894,48.62778],[7.75901,48.62753],[7.75793,48.62696],[7.75776,48.62693],[7.75765,48.62677],[7.75741,48.6266],[7.75725,48.62656],[7.75558,48.62574],[7.75453,48.62505],[7.75429,48.62518],[7.75423,48.62524],[7.75402,48.62606],[7.75386,48.627],[7.75366,48.63035],[7.75351,48.63114],[7.75355,48.63149],[7.75397,48.63264],[7.75418,48.63539],[7.75454,48.63697],[7.75443,48.63727],[7.75355,48.63855],[7.75344,48.63887],[7.75341,48.63922],[7.75354,48.64049],[7.7541,48.64195],[7.75421,48.64201],[7.75424,48.64208],[7.75397,48.64252],[7.75292,48.64519],[7.75269,48.64633],[7.7524,48.64679],[7.75187,48.64735],[7.75176,48.64758],[7.75185,48.64908],[7.7517,48.64992],[7.75178,48.65052],[7.75154,48.65206],[7.75151,48.65233],[7.75156,48.65239],[7.75145,48.65319],[7.73979,48.64859],[7.73765,48.64779],[7.73721,48.64774],[7.73661,48.64781],[7.73615,48.64797],[7.73536,48.64843],[7.73492,48.64863],[7.73427,48.64882],[7.73341,48.64892],[7.7328,48.6489],[7.73224,48.64882],[7.73179,48.64871],[7.73035,48.64824],[7.72929,48.64811],[7.72733,48.64821],[7.72661,48.64845],[7.72617,48.64853],[7.72584,48.64853],[7.72525,48.64843],[7.72491,48.64846],[7.72466,48.64858],[7.72453,48.6487],[7.7242,48.64945],[7.72367,48.65153],[7.72213,48.65625],[7.72159,48.6587],[7.72126,48.65976]]}},{"type":"Feature","properties":{"ref":"75","mode":"bus","couleur":"#9FC204"},"geometry":{"type":"LineString","coordinates":[[7.69817,48.68516],[7.69811,48.68498],[7.69679,48.68438],[7.69666,48.68438],[7.69666,48.68429],[7.69656,48.68422],[7.69541,48.6837],[7.69368,48.6826],[7.69334,48.68224],[7.69306,48.68177],[7.69308,48.68165],[7.69413,48.68123],[7.69443,48.68105],[7.69453,48.68088],[7.69441,48.68026],[7.69609,48.67885],[7.69662,48.67858],[7.69829,48.67813],[7.69895,48.67782],[7.7035,48.67367],[7.70389,48.67312],[7.70396,48.67282],[7.704,48.67162],[7.70393,48.67075],[7.70379,48.6707],[7.70381,48.67061],[7.70391,48.67057],[7.70401,48.67061],[7.70508,48.67025],[7.70664,48.6693],[7.70681,48.6693],[7.70722,48.6695],[7.70736,48.66952],[7.70798,48.6693],[7.70863,48.66915],[7.70922,48.66913],[7.71028,48.66927],[7.71046,48.6685],[7.71078,48.66788],[7.71125,48.66624],[7.71156,48.66484],[7.71561,48.66561],[7.7176,48.66589],[7.71753,48.66646],[7.71742,48.66664],[7.71598,48.66772],[7.71624,48.66791],[7.71903,48.66741],[7.71953,48.66714],[7.71977,48.66605],[7.71999,48.66306],[7.72034,48.66188],[7.72024,48.66174],[7.72028,48.66167],[7.7205,48.6616],[7.72061,48.66147],[7.72064,48.66124],[7.72122,48.65964],[7.72171,48.65782],[7.72197,48.65644],[7.72225,48.65552],[7.72004,48.65506],[7.7171,48.65478],[7.71388,48.65435],[7.71062,48.65405],[7.70966,48.65392],[7.70806,48.65356],[7.70594,48.65333],[7.70474,48.65308],[7.70324,48.65255],[7.70238,48.65213],[7.70144,48.65136],[7.70078,48.6507],[7.70043,48.65046],[7.70089,48.65012],[7.70148,48.64989],[7.70164,48.6491],[7.70171,48.64812],[7.70288,48.64729],[7.7029,48.64704],[7.70243,48.64441],[7.70256,48.6442],[7.70286,48.64401],[7.70424,48.64342],[7.70538,48.64301],[7.70703,48.64279],[7.70745,48.64258],[7.70881,48.64262],[7.7101,48.64237],[7.71015,48.6422],[7.71003,48.64117],[7.71042,48.63983],[7.71131,48.63829],[7.7127,48.63646],[7.71264,48.63638],[7.71277,48.63634],[7.71368,48.6352],[7.71357,48.63511],[7.71361,48.63505],[7.71373,48.63503],[7.71382,48.63485],[7.71391,48.63462],[7.7139,48.63436],[7.71382,48.63412],[7.71327,48.63382],[7.70462,48.63205],[7.70428,48.63205],[7.70417,48.6321],[7.70401,48.63207],[7.70396,48.63198],[7.70403,48.6319],[7.70396,48.63148],[7.70393,48.62995],[7.70374,48.62916],[7.70358,48.62879],[7.70323,48.62824],[7.70281,48.62773],[7.70115,48.62634],[7.70101,48.62629],[7.70093,48.62604],[7.69981,48.62454],[7.69942,48.6233],[7.69957,48.62331],[7.70088,48.623],[7.70117,48.623],[7.70134,48.62308],[7.70183,48.62365],[7.70278,48.62413],[7.70306,48.62414],[7.70425,48.62404],[7.70503,48.62419],[7.70622,48.62432],[7.70673,48.62394],[7.70702,48.62382],[7.70894,48.6236],[7.71146,48.62317],[7.71246,48.62311],[7.71329,48.62314],[7.71529,48.62338],[7.71699,48.62343],[7.71865,48.623],[7.71896,48.62286],[7.71937,48.62257],[7.71969,48.62222],[7.71962,48.62209],[7.71967,48.62196],[7.71992,48.62184],[7.72014,48.62142],[7.72023,48.6208],[7.72019,48.62059],[7.72071,48.61716],[7.7206,48.6168],[7.72021,48.61633],[7.72002,48.61617],[7.71985,48.61617],[7.7197,48.61612],[7.71954,48.61598],[7.71952,48.61579],[7.71957,48.6157],[7.71972,48.6156],[7.71998,48.61555],[7.72025,48.61561],[7.72044,48.61574],[7.72067,48.61575],[7.72606,48.61526],[7.72654,48.61183],[7.72666,48.6117],[7.72708,48.60787],[7.72723,48.60701],[7.72763,48.60593],[7.72831,48.60482],[7.72906,48.60399],[7.7295,48.60363],[7.72999,48.60324],[7.73089,48.60266],[7.7336,48.60126],[7.7337,48.60116],[7.73598,48.59995],[7.73967,48.59814],[7.74034,48.59769],[7.74088,48.59723],[7.7413,48.59671],[7.74164,48.59612],[7.74196,48.59542],[7.74212,48.59482],[7.74209,48.5941],[7.74172,48.5927],[7.74172,48.5919],[7.74177,48.59177],[7.74209,48.5915],[7.74254,48.59135],[7.74303,48.59134],[7.74349,48.59149],[7.74433,48.59077],[7.74461,48.59061],[7.74645,48.58707],[7.74642,48.58713],[7.74635,48.58696],[7.74155,48.58507],[7.74137,48.58519],[7.74003,48.58709]]}},{"type":"Feature","properties":{"ref":"75","mode":"bus","couleur":"#9FC204"},"geometry":{"type":"LineString","coordinates":[[7.74003,48.58709],[7.73977,48.58743],[7.7398,48.58749],[7.73959,48.58779],[7.73932,48.58809],[7.74099,48.58956],[7.74207,48.59118],[7.74238,48.59139],[7.74288,48.59133],[7.74336,48.59143],[7.74369,48.59162],[7.74388,48.59193],[7.74387,48.59237],[7.74319,48.59379],[7.743,48.59451],[7.7429,48.59538],[7.7427,48.59595],[7.74245,48.59631],[7.74211,48.59664],[7.73897,48.59891],[7.7379,48.59945],[7.73563,48.60041],[7.73102,48.60277],[7.73055,48.60305],[7.72965,48.60371],[7.72885,48.60447],[7.72826,48.60522],[7.72766,48.6063],[7.72744,48.60702],[7.72728,48.60788],[7.72684,48.61202],[7.72692,48.61218],[7.72692,48.61368],[7.72702,48.61396],[7.72754,48.61429],[7.72763,48.61437],[7.72767,48.61453],[7.72714,48.61522],[7.72117,48.61579],[7.7206,48.61587],[7.72043,48.61593],[7.7203,48.6162],[7.72071,48.6168],[7.72078,48.61708],[7.72014,48.62142],[7.72016,48.62186],[7.72034,48.62202],[7.72029,48.62221],[7.72009,48.62231],[7.71986,48.62231],[7.71965,48.62239],[7.71896,48.62286],[7.71865,48.623],[7.71699,48.62343],[7.71583,48.62339],[7.71523,48.62345],[7.71475,48.6233],[7.71329,48.62314],[7.71246,48.62311],[7.71146,48.62317],[7.70894,48.6236],[7.70702,48.62382],[7.70673,48.62394],[7.70622,48.62432],[7.70503,48.62419],[7.70425,48.62404],[7.70306,48.62414],[7.70278,48.62413],[7.70183,48.62365],[7.70134,48.62308],[7.70117,48.623],[7.70088,48.623],[7.69957,48.62331],[7.69942,48.6233],[7.69971,48.62434],[7.70003,48.62486],[7.70093,48.62604],[7.70124,48.62622],[7.70123,48.62631],[7.70138,48.62654],[7.70281,48.62773],[7.70308,48.62803],[7.70349,48.62863],[7.70374,48.62916],[7.70389,48.62972],[7.70397,48.63036],[7.70398,48.63164],[7.70418,48.63188],[7.70462,48.63205],[7.71327,48.63382],[7.7136,48.63387],[7.71403,48.6338],[7.71417,48.63387],[7.71422,48.63402],[7.71399,48.63423],[7.71391,48.63462]]}},{"type":"Feature","properties":{"ref":"76","mode":"bus","couleur":"#C273A8"},"geometry":{"type":"LineString","coordinates":[[7.75131,48.65361],[7.7514,48.65334],[7.75135,48.65305],[7.75178,48.65052],[7.7517,48.64992],[7.75185,48.64908],[7.75176,48.64758],[7.75187,48.64735],[7.7524,48.64679],[7.75269,48.64633],[7.7529,48.64526],[7.75397,48.64252],[7.75398,48.64217],[7.75387,48.64207],[7.75398,48.64196],[7.75397,48.64187],[7.75356,48.64072],[7.75341,48.63922],[7.75344,48.63887],[7.75355,48.63855],[7.75443,48.63727],[7.75454,48.63697],[7.75418,48.63539],[7.75404,48.63342],[7.75405,48.63347],[7.75391,48.63338],[7.75335,48.63364],[7.75246,48.63387],[7.75127,48.63426],[7.74995,48.63451],[7.7497,48.63442],[7.74474,48.63372],[7.74287,48.63347],[7.74208,48.63344],[7.74097,48.6335],[7.74019,48.63363],[7.73695,48.63443],[7.73614,48.6346],[7.73495,48.63478],[7.72818,48.63502],[7.7277,48.63508],[7.72821,48.63266],[7.72872,48.63073],[7.73002,48.62512],[7.73039,48.62384],[7.73046,48.62327],[7.73072,48.62228],[7.73069,48.62217],[7.73152,48.61916],[7.73189,48.61718],[7.73221,48.61608],[7.73204,48.6161],[7.73134,48.61595],[7.7297,48.61524],[7.72915,48.61512],[7.72857,48.61511],[7.72736,48.61519],[7.72628,48.61531],[7.72606,48.61526],[7.72654,48.61183],[7.72666,48.6117],[7.72708,48.60787],[7.72733,48.60665],[7.72784,48.60552],[7.72831,48.60482],[7.72906,48.60399],[7.72999,48.60324],[7.73089,48.60266],[7.7336,48.60126],[7.7337,48.60116],[7.73453,48.60071],[7.73598,48.59995],[7.73967,48.59814],[7.74034,48.59769],[7.74102,48.59708],[7.7413,48.59671],[7.74164,48.59612],[7.74196,48.59542],[7.74209,48.59497],[7.74213,48.5946],[7.74209,48.5941],[7.74172,48.5927],[7.74172,48.5919],[7.74194,48.5916],[7.74198,48.59142],[7.74081,48.58964],[7.73937,48.58839],[7.73923,48.58812],[7.73867,48.58763],[7.73864,48.58753],[7.74079,48.58456],[7.74205,48.58528],[7.74258,48.5855],[7.74323,48.58572],[7.74352,48.58576],[7.74418,48.58606]]}},{"type":"Feature","properties":{"ref":"76","mode":"bus","couleur":"#C273A8"},"geometry":{"type":"LineString","coordinates":[[7.74408,48.58607],[7.74363,48.58586],[7.74258,48.5855],[7.74167,48.58509],[7.74149,48.58509],[7.73977,48.58743],[7.7398,48.58749],[7.73959,48.58779],[7.73932,48.58809],[7.74099,48.58956],[7.74207,48.59118],[7.74238,48.59139],[7.74288,48.59133],[7.74336,48.59143],[7.74369,48.59162],[7.74388,48.59193],[7.74389,48.5923],[7.74319,48.59379],[7.74303,48.59434],[7.74282,48.59567],[7.74245,48.59631],[7.74211,48.59664],[7.74135,48.59722],[7.73897,48.59891],[7.7379,48.59945],[7.73563,48.60041],[7.73202,48.60223],[7.73055,48.60305],[7.72924,48.60407],[7.72851,48.60486],[7.72804,48.60556],[7.72754,48.60665],[7.72728,48.60788],[7.72684,48.61202],[7.72692,48.61218],[7.72692,48.61343],[7.72704,48.61387],[7.72721,48.61405],[7.72762,48.6143],[7.7277,48.6144],[7.72772,48.61455],[7.72759,48.61488],[7.72774,48.61504],[7.72793,48.61508],[7.72905,48.61503],[7.72949,48.61509],[7.72986,48.6152],[7.73152,48.61591],[7.73221,48.61608],[7.73194,48.61713],[7.73157,48.61917],[7.73051,48.62304],[7.73033,48.62415],[7.72821,48.63266],[7.72779,48.63488],[7.72773,48.63498],[7.72818,48.63502],[7.73495,48.63478],[7.73614,48.6346],[7.73695,48.63443],[7.74019,48.63363],[7.74097,48.6335],[7.74208,48.63344],[7.74287,48.63347],[7.74474,48.63372],[7.7497,48.63442],[7.74995,48.63451],[7.75127,48.63426],[7.75246,48.63387],[7.75335,48.63364],[7.75404,48.63334],[7.75418,48.63539],[7.75454,48.63697],[7.75443,48.63727],[7.75355,48.63855],[7.75342,48.63898],[7.75341,48.63937],[7.75354,48.64049],[7.7541,48.64195],[7.75421,48.64201],[7.75424,48.64208],[7.75397,48.64252],[7.75292,48.64519],[7.75269,48.64633],[7.7524,48.64679],[7.75187,48.64735],[7.75176,48.64758],[7.75185,48.64908],[7.7517,48.64992],[7.75178,48.65052],[7.7514,48.65334],[7.75156,48.65389],[7.75124,48.65392],[7.75122,48.65382],[7.75131,48.65361]]}},{"type":"Feature","properties":{"ref":"C1","mode":"bus","couleur":"#22AE84"},"geometry":{"type":"LineString","coordinates":[[7.7926,48.602],[7.79264,48.60169],[7.79132,48.60035],[7.7911,48.6],[7.79095,48.59949],[7.791,48.59836],[7.79062,48.59701],[7.79035,48.59663],[7.79004,48.59642],[7.78962,48.59627],[7.78735,48.59599],[7.78701,48.59589],[7.78662,48.59572],[7.78642,48.59557],[7.78624,48.59522],[7.78607,48.59502],[7.78533,48.59458],[7.78416,48.59378],[7.7829,48.59268],[7.78274,48.59249],[7.78235,48.59175],[7.78172,48.59023],[7.78147,48.58987],[7.78161,48.58974],[7.78193,48.58968],[7.7824,48.5895],[7.7829,48.58895],[7.78294,48.58835],[7.78289,48.5881],[7.78257,48.58756],[7.78008,48.58572],[7.77911,48.58559],[7.77834,48.58544],[7.77475,48.58396],[7.77374,48.58455],[7.77363,48.58448],[7.77211,48.58317],[7.7722,48.58306],[7.77028,48.58139],[7.77008,48.58128],[7.76979,48.58097],[7.76906,48.57715],[7.76857,48.57715],[7.76833,48.5772],[7.76654,48.57735],[7.76178,48.578],[7.76118,48.57812],[7.75971,48.57855],[7.75939,48.57852],[7.75953,48.57857],[7.75929,48.57843],[7.75854,48.57736],[7.75728,48.57642],[7.7557,48.5754],[7.75577,48.57545],[7.75487,48.57531],[7.75349,48.57519],[7.75213,48.575],[7.74704,48.57415],[7.74507,48.57402],[7.74378,48.57403],[7.73939,48.57429],[7.73573,48.57489],[7.73425,48.57494],[7.73383,48.57507],[7.73175,48.57625],[7.73095,48.5756],[7.73041,48.57504],[7.72976,48.57479],[7.72847,48.5746],[7.72789,48.57456],[7.72616,48.57467],[7.72576,48.57464],[7.72119,48.57367],[7.71753,48.57312],[7.71658,48.57288],[7.71256,48.57158],[7.71209,48.57132],[7.71159,48.5709],[7.71108,48.57003],[7.71076,48.56962],[7.70748,48.56568],[7.7071,48.56534],[7.7063,48.56483],[7.7063,48.56478],[7.70419,48.56353],[7.70361,48.56335],[7.7016,48.56311],[7.69819,48.56211],[7.69539,48.56172],[7.69492,48.56153],[7.69344,48.56071],[7.693,48.56058],[7.69289,48.56061],[7.69272,48.56057],[7.69266,48.5604],[7.69235,48.56022],[7.69132,48.55978],[7.68344,48.5577],[7.67964,48.5557],[7.67956,48.55552],[7.67979,48.55472],[7.68025,48.55351],[7.68018,48.55306],[7.68017,48.55213],[7.68043,48.54963],[7.68073,48.54887],[7.68087,48.54867],[7.68111,48.54798],[7.68223,48.54821],[7.68492,48.54907],[7.68596,48.54969],[7.6873,48.55064],[7.68768,48.55084],[7.68862,48.55087],[7.68911,48.55105],[7.69071,48.55123],[7.69165,48.55129],[7.69203,48.55125],[7.69213,48.55143],[7.69278,48.55162]]}},{"type":"Feature","properties":{"ref":"C3","mode":"bus","couleur":"#9FC204"},"geometry":{"type":"LineString","coordinates":[[7.75895,48.62823],[7.75894,48.62778],[7.75901,48.62753],[7.75793,48.62696],[7.75776,48.62693],[7.75765,48.62677],[7.75741,48.6266],[7.75725,48.62656],[7.75529,48.62559],[7.75453,48.62505],[7.75436,48.62487],[7.75446,48.62457],[7.75503,48.62368],[7.75513,48.62326],[7.75511,48.62216],[7.75524,48.62182],[7.75518,48.62121],[7.7552,48.62077],[7.75524,48.6207],[7.75522,48.62005],[7.75442,48.61758],[7.7528,48.61541],[7.75126,48.61215],[7.75005,48.60813],[7.74898,48.60642],[7.7474,48.60454],[7.74741,48.60448],[7.74594,48.60267],[7.74501,48.60157],[7.74335,48.60008],[7.74269,48.59939],[7.74208,48.59846],[7.74181,48.59762],[7.7418,48.5968],[7.74187,48.59628],[7.74225,48.59532],[7.74234,48.59479],[7.74222,48.59399],[7.74175,48.5929],[7.74172,48.5919],[7.74194,48.5916],[7.74224,48.59143],[7.74254,48.59135],[7.74264,48.5912],[7.74218,48.5891],[7.74182,48.58785],[7.74334,48.58573],[7.74352,48.58576],[7.74418,48.58606]]}},{"type":"Feature","properties":{"ref":"C3","mode":"bus","couleur":"#9FC204"},"geometry":{"type":"LineString","coordinates":[[7.74418,48.58606],[7.74649,48.58699],[7.74458,48.59071],[7.7438,48.59122],[7.74365,48.59148],[7.74364,48.59158],[7.74388,48.59193],[7.74389,48.5923],[7.74268,48.59485],[7.74208,48.59653],[7.74192,48.59732],[7.74209,48.59829],[7.74256,48.59911],[7.74301,48.59971],[7.74335,48.60008],[7.74503,48.6016],[7.74741,48.60448],[7.74752,48.60451],[7.74918,48.60668],[7.75005,48.60813],[7.75126,48.61215],[7.7528,48.61541],[7.75442,48.61758],[7.75522,48.62005],[7.75524,48.6207],[7.7553,48.62077],[7.75521,48.62139],[7.75525,48.62196],[7.75512,48.62269],[7.75514,48.62345],[7.75454,48.62449],[7.7545,48.62487],[7.75538,48.62553],[7.75741,48.6266],[7.7578,48.62677],[7.75799,48.62678],[7.75803,48.62688],[7.75858,48.6272],[7.75879,48.62741],[7.75846,48.6277],[7.75836,48.62803]]}},{"type":"Feature","properties":{"ref":"C4","mode":"bus","couleur":"#F08118"},"geometry":{"type":"LineString","coordinates":[[7.70512,48.61006],[7.70536,48.6104],[7.70681,48.60994],[7.70686,48.60984],[7.70659,48.60927],[7.70673,48.60913],[7.71022,48.60809],[7.70962,48.6068],[7.70956,48.60656],[7.70787,48.6049],[7.70776,48.60484],[7.70755,48.60483],[7.70696,48.60509],[7.70655,48.60511],[7.70621,48.60493],[7.70602,48.60494],[7.70596,48.60485],[7.706,48.60479],[7.70531,48.60429],[7.70736,48.60298],[7.70927,48.60186],[7.71156,48.60027],[7.71134,48.60043],[7.71336,48.5989],[7.71553,48.59693],[7.71787,48.59523],[7.71653,48.59243],[7.71587,48.59045],[7.71561,48.59003],[7.71419,48.58893],[7.71395,48.58859],[7.71384,48.58823],[7.71381,48.58781],[7.71386,48.58738],[7.71405,48.58642],[7.71444,48.58505],[7.71457,48.58433],[7.71458,48.58404],[7.7145,48.58403],[7.71442,48.58393],[7.71453,48.58385],[7.71512,48.5806],[7.71564,48.57962],[7.71418,48.57936],[7.71426,48.57911],[7.7142,48.57854],[7.71414,48.57847],[7.71347,48.57812],[7.71327,48.5779],[7.7132,48.57768],[7.71338,48.57454],[7.71418,48.5721],[7.71247,48.57154],[7.71209,48.57132],[7.71165,48.57097],[7.71143,48.57068],[7.71108,48.57003],[7.71076,48.56962],[7.70882,48.56733],[7.70763,48.56583],[7.7071,48.56534],[7.7063,48.56483],[7.7063,48.56478],[7.70668,48.56458],[7.70743,48.56444],[7.70765,48.56433],[7.71059,48.56237],[7.71073,48.56221],[7.71195,48.55899],[7.71217,48.55813],[7.71284,48.55709],[7.71293,48.55675],[7.71268,48.55499],[7.7126,48.5538],[7.71248,48.55336],[7.71141,48.55168],[7.70973,48.54925],[7.70932,48.54829],[7.70923,48.54715],[7.70927,48.54687],[7.70955,48.54586],[7.71043,48.54376],[7.70993,48.54356],[7.70939,48.54345],[7.70929,48.54332],[7.70966,48.54221],[7.70991,48.54087],[7.71027,48.54016],[7.71023,48.539],[7.70987,48.53694],[7.7098,48.5359],[7.7094,48.53545],[7.70611,48.53286],[7.70569,48.5323],[7.70741,48.53193],[7.70883,48.53156],[7.70907,48.53142],[7.70927,48.53122],[7.71008,48.53127],[7.71036,48.53123],[7.71057,48.53115],[7.71071,48.53099],[7.71104,48.53003],[7.71135,48.52984],[7.71082,48.52901],[7.71201,48.52875],[7.71248,48.5288],[7.71296,48.52871],[7.71984,48.52703],[7.72032,48.52684],[7.72127,48.52661],[7.72102,48.52594],[7.72102,48.52572],[7.72113,48.52529],[7.72152,48.52467],[7.72153,48.52434],[7.72016,48.52083],[7.71956,48.51954],[7.71926,48.51924],[7.7193,48.51896],[7.7188,48.51781],[7.72,48.51755],[7.72057,48.51729],[7.72242,48.51583],[7.72247,48.51568],[7.72238,48.51498],[7.72289,48.51494],[7.72338,48.51476],[7.72317,48.51448]]}},{"type":"Feature","properties":{"ref":"C5","mode":"bus","couleur":"#25715C"},"geometry":{"type":"LineString","coordinates":[[7.76721,48.60891],[7.76713,48.60896],[7.76692,48.6088],[7.76713,48.60896],[7.76682,48.60879],[7.76545,48.60953],[7.76346,48.61012],[7.76306,48.61018],[7.76159,48.61012],[7.76114,48.61004],[7.76048,48.60981],[7.75942,48.60919],[7.75899,48.60912],[7.75836,48.60916],[7.75696,48.60935],[7.75506,48.6097],[7.75058,48.60985],[7.75009,48.6082],[7.74967,48.60748],[7.74973,48.60763],[7.74952,48.60743],[7.74787,48.60772],[7.74729,48.60791],[7.74496,48.60829],[7.74468,48.60921],[7.74161,48.60959],[7.74127,48.60966],[7.73954,48.61025],[7.73947,48.61032],[7.73942,48.61088],[7.73936,48.61097],[7.73838,48.61107],[7.73598,48.61086],[7.73289,48.61047],[7.73047,48.60697],[7.7303,48.60663],[7.73033,48.60647],[7.72897,48.6062],[7.72875,48.6062],[7.72281,48.60739],[7.72186,48.60762],[7.7213,48.60783],[7.72017,48.60816],[7.71922,48.60832],[7.71902,48.6083],[7.71802,48.60845],[7.71797,48.60785],[7.71805,48.60692],[7.71801,48.60679],[7.71786,48.60669],[7.71642,48.60622],[7.71534,48.60563],[7.71539,48.60545],[7.71614,48.60481],[7.71664,48.60447],[7.71383,48.603],[7.71347,48.60329],[7.71165,48.6023],[7.71005,48.60132],[7.71241,48.59965],[7.70983,48.5981],[7.708,48.59609],[7.70706,48.59516],[7.70682,48.59508],[7.70662,48.59507],[7.70511,48.59529],[7.70482,48.59525],[7.70266,48.59371],[7.70262,48.59359],[7.70289,48.59343],[7.70307,48.59322],[7.70348,48.59243],[7.70405,48.59198],[7.70188,48.59046],[7.70189,48.5903],[7.70228,48.58949],[7.70254,48.58913],[7.70233,48.58852],[7.70217,48.58827],[7.7015,48.58776],[7.7022,48.58735],[7.70234,48.58731],[7.70252,48.5873],[7.7032,48.58738],[7.70342,48.58731],[7.7036,48.5871],[7.70371,48.58656],[7.70745,48.58693],[7.70707,48.58598],[7.70694,48.58512],[7.70701,48.58444],[7.70713,48.58401],[7.70706,48.58389],[7.70608,48.58375],[7.70439,48.58342],[7.70386,48.58348],[7.7034,48.58272],[7.70356,48.58141],[7.70385,48.58018],[7.70371,48.57963],[7.70369,48.57908],[7.70401,48.57808],[7.70391,48.57768],[7.70438,48.57617],[7.70475,48.5738],[7.7048,48.5737],[7.70494,48.57366],[7.70565,48.57368],[7.70648,48.57352],[7.70663,48.57344],[7.70678,48.57348],[7.70679,48.57358],[7.70656,48.57374],[7.7061,48.57378]]}},{"type":"Feature","properties":{"ref":"C6","mode":"bus","couleur":"#7D5D9F"},"geometry":{"type":"LineString","coordinates":[[7.74418,48.58606],[7.74649,48.58699],[7.74794,48.58738],[7.74856,48.58746],[7.75126,48.58717],[7.75237,48.58685],[7.75298,48.58663],[7.7531,48.58654],[7.75341,48.58669],[7.75385,48.58658],[7.75428,48.58662],[7.7546,48.58674],[7.75486,48.58696],[7.76022,48.58542],[7.76065,48.58539],[7.76163,48.58562],[7.7625,48.58562],[7.76269,48.5857],[7.7689,48.59105],[7.77003,48.59231],[7.77009,48.5925],[7.77448,48.59569],[7.77515,48.59593],[7.77662,48.59681],[7.777,48.59738],[7.77762,48.59851],[7.77776,48.59864],[7.77893,48.59934],[7.77929,48.59983],[7.77981,48.60018],[7.7809,48.60051],[7.78136,48.60072],[7.78268,48.60196],[7.78298,48.60274],[7.78264,48.60307],[7.7821,48.60374],[7.78131,48.60429],[7.77969,48.60734],[7.77912,48.60827],[7.77948,48.60872],[7.77999,48.60954],[7.78046,48.61009],[7.78107,48.61117],[7.78105,48.61131],[7.78093,48.61142],[7.7728,48.61301],[7.77284,48.61308],[7.7728,48.61301],[7.77239,48.61328],[7.77217,48.61332],[7.7712,48.61341],[7.77061,48.6134],[7.76927,48.61365],[7.7683,48.61378],[7.76822,48.61376],[7.76821,48.61332],[7.76838,48.61313],[7.76852,48.6131],[7.76921,48.61327]]}},{"type":"Feature","properties":{"ref":"C7","mode":"bus","couleur":"#008A27"},"geometry":{"type":"LineString","coordinates":[[7.73786,48.54476],[7.73856,48.54555],[7.73978,48.54666],[7.74088,48.54804],[7.74147,48.54891],[7.7472,48.54714],[7.74731,48.54719],[7.74733,48.54728],[7.74754,48.54752],[7.75163,48.55044],[7.75376,48.54918],[7.75392,48.54901],[7.75584,48.54781],[7.75806,48.54784],[7.75822,48.54581],[7.75997,48.54553],[7.76085,48.54547],[7.76182,48.54553],[7.76254,48.54564],[7.76397,48.54596],[7.76561,48.546],[7.76657,48.5464],[7.76729,48.54655],[7.76822,48.54655],[7.76838,48.5466],[7.76954,48.54773],[7.77027,48.54742],[7.77075,48.54712],[7.77254,48.54529],[7.77387,48.54462],[7.77232,48.54348],[7.77222,48.5433],[7.77683,48.54066],[7.78114,48.54393],[7.7823,48.54494],[7.7825,48.54505],[7.78273,48.54509],[7.78305,48.54507],[7.78811,48.54452],[7.78864,48.54442],[7.78877,48.54432],[7.78887,48.54393],[7.78881,48.54341],[7.78725,48.5371],[7.78703,48.53658],[7.78661,48.53612],[7.78633,48.53599],[7.78608,48.53596],[7.7859,48.53589],[7.78572,48.53544],[7.78521,48.53502],[7.78207,48.533],[7.78083,48.532],[7.78026,48.53129],[7.77985,48.53044],[7.77966,48.52936],[7.77888,48.52609],[7.7787,48.52573],[7.77848,48.52474],[7.7809,48.52447],[7.78111,48.52447],[7.78124,48.52454],[7.78194,48.52447],[7.78188,48.52426],[7.78331,48.52411],[7.78171,48.52038],[7.78157,48.52017],[7.78134,48.51996],[7.78055,48.51816],[7.77674,48.51889],[7.77621,48.51812],[7.77606,48.51766],[7.77422,48.51424],[7.77406,48.51378],[7.77434,48.51418],[7.77524,48.51593]]}},{"type":"Feature","properties":{"ref":"C8","mode":"bus","couleur":"#88CDD5"},"geometry":{"type":"LineString","coordinates":[[7.74905,48.57866],[7.74876,48.57859],[7.74903,48.57836],[7.75018,48.57815],[7.75071,48.57796],[7.7511,48.57774],[7.75144,48.5775],[7.75312,48.57583],[7.75342,48.57538],[7.75339,48.57544],[7.75405,48.57285],[7.75401,48.57194],[7.75408,48.57185],[7.75588,48.57163],[7.7561,48.57156],[7.75682,48.56927],[7.75868,48.56631],[7.76031,48.56464],[7.76392,48.56119],[7.76426,48.56061],[7.76465,48.55964],[7.76541,48.55858],[7.7655,48.55831],[7.76583,48.55787],[7.76663,48.55704],[7.76662,48.55649],[7.76557,48.54741],[7.76574,48.54345],[7.76618,48.54265],[7.768,48.53992],[7.76837,48.53909],[7.76888,48.53854],[7.77023,48.53734],[7.77097,48.5363],[7.77113,48.53597],[7.76935,48.53467],[7.76911,48.53442],[7.76874,48.53383],[7.76804,48.53324],[7.76781,48.53282],[7.76773,48.53216],[7.76782,48.53174],[7.76831,48.53099],[7.76883,48.52904],[7.76939,48.52778],[7.76958,48.52759],[7.76968,48.52757],[7.77121,48.52781]]}},{"type":"Feature","properties":{"ref":"C8","mode":"bus","couleur":"#88CDD5"},"geometry":{"type":"LineString","coordinates":[[7.77121,48.52781],[7.77206,48.52793],[7.77381,48.52985],[7.77401,48.53],[7.77334,48.53196],[7.77198,48.53268],[7.77185,48.53278],[7.77152,48.53329],[7.77134,48.53379],[7.77139,48.53426],[7.77117,48.53502],[7.77125,48.53558],[7.77097,48.5363],[7.77023,48.53734],[7.76888,48.53854],[7.76837,48.53909],[7.768,48.53992],[7.76618,48.54265],[7.76575,48.54341],[7.76557,48.54741],[7.76669,48.55732],[7.76594,48.5581],[7.76566,48.55866],[7.76517,48.55916],[7.76473,48.55977],[7.76419,48.56099],[7.76401,48.56123],[7.76374,48.56148],[7.76347,48.56162],[7.76145,48.56354],[7.75975,48.56519],[7.7594,48.56561],[7.75868,48.56631],[7.75682,48.56927],[7.75603,48.57174],[7.75567,48.57182],[7.75401,48.57202],[7.75407,48.5721],[7.75409,48.57291],[7.75353,48.57509],[7.75339,48.57544],[7.75312,48.57583],[7.75144,48.5775],[7.7511,48.57774],[7.75044,48.57806],[7.74963,48.57826],[7.74969,48.57882],[7.74905,48.57866]]}},{"type":"Feature","properties":{"ref":"C9","mode":"bus","couleur":"#F26640"},"geometry":{"type":"LineString","coordinates":[[7.74408,48.58607],[7.74363,48.58586],[7.74258,48.5855],[7.74167,48.58509],[7.74149,48.58509],[7.73977,48.58743],[7.7398,48.58749],[7.73959,48.58779],[7.73932,48.58809],[7.74099,48.58956],[7.74207,48.59118],[7.74238,48.59139],[7.74288,48.59133],[7.74317,48.59137],[7.74349,48.59149],[7.74369,48.59162],[7.74384,48.59184],[7.74391,48.59205],[7.74389,48.5923],[7.74343,48.59335],[7.743,48.59415],[7.74217,48.59612],[7.74199,48.5964],[7.74121,48.59713],[7.74054,48.59829],[7.73972,48.59979],[7.7379,48.60336],[7.73769,48.60406],[7.73661,48.60635],[7.73606,48.60689],[7.73563,48.60743],[7.73449,48.60949],[7.73436,48.60962],[7.73362,48.61138],[7.73307,48.61341],[7.73255,48.61495],[7.73205,48.61666],[7.73157,48.61917],[7.73051,48.62304],[7.73033,48.62415],[7.72821,48.63266],[7.72779,48.63488],[7.72773,48.63498],[7.72689,48.63853],[7.72597,48.64203],[7.7258,48.64306],[7.72591,48.64331],[7.72564,48.64363],[7.72526,48.64545],[7.72473,48.64744],[7.72469,48.64783],[7.72488,48.64798],[7.72488,48.64816],[7.72456,48.64841],[7.72417,48.64957],[7.72367,48.65153],[7.72213,48.65625],[7.72149,48.65906],[7.72072,48.66122],[7.72068,48.66182],[7.72048,48.66191],[7.72038,48.66201],[7.72006,48.66267],[7.71994,48.66345],[7.71984,48.66503],[7.71964,48.66507],[7.71885,48.66567],[7.71874,48.66559],[7.7188,48.66513]]}},{"type":"Feature","properties":{"ref":"C9","mode":"bus","couleur":"#F26640"},"geometry":{"type":"LineString","coordinates":[[7.75895,48.62803],[7.75895,48.62766],[7.75901,48.62753],[7.75793,48.62696],[7.75776,48.62693],[7.75765,48.62677],[7.75741,48.6266],[7.75725,48.62656],[7.75529,48.62559],[7.75453,48.62505],[7.75429,48.62518],[7.75423,48.62524],[7.75402,48.62606],[7.75386,48.627],[7.75366,48.63035],[7.75351,48.63114],[7.75355,48.63149],[7.75397,48.63264],[7.75404,48.63334],[7.75335,48.63364],[7.75108,48.63431],[7.74995,48.63451],[7.7497,48.63442],[7.74474,48.63372],[7.74287,48.63347],[7.74208,48.63344],[7.74097,48.6335],[7.74019,48.63363],[7.73695,48.63443],[7.73614,48.6346],[7.73495,48.63478],[7.72818,48.63502],[7.7277,48.63508],[7.72821,48.63266],[7.72872,48.63073],[7.73002,48.62512],[7.73039,48.62384],[7.73046,48.62327],[7.73072,48.62228],[7.73069,48.62217],[7.73152,48.61916],[7.73189,48.61718],[7.73255,48.61495],[7.73307,48.61341],[7.73362,48.61138],[7.73436,48.60962],[7.73438,48.60946],[7.73567,48.60723],[7.73602,48.60678],[7.73671,48.6061],[7.73769,48.60406],[7.73763,48.60419],[7.7379,48.60336],[7.73855,48.60217],[7.73926,48.60069],[7.74125,48.59701],[7.74213,48.59566],[7.74229,48.59518],[7.74234,48.59479],[7.74228,48.59421],[7.74213,48.59372],[7.74181,48.59313],[7.74172,48.5927],[7.74172,48.5919],[7.74194,48.5916],[7.74197,48.5914],[7.74081,48.58964],[7.73937,48.58839],[7.73923,48.58812],[7.73867,48.58763],[7.73864,48.58753],[7.74079,48.58456],[7.74205,48.58528],[7.74258,48.5855],[7.74323,48.58572],[7.74352,48.58576],[7.74418,48.58606]]}},{"type":"Feature","properties":{"ref":"N1","mode":"bus","couleur":"#B55C38"},"geometry":{"type":"LineString","coordinates":[[7.74905,48.57866],[7.74876,48.57859],[7.74895,48.5784],[7.74912,48.57833],[7.74998,48.5782],[7.75071,48.57796],[7.75144,48.5775],[7.75174,48.5772],[7.75296,48.57757],[7.75285,48.57755],[7.75362,48.57773],[7.75492,48.57863],[7.75647,48.57992],[7.75635,48.58187],[7.75633,48.58172],[7.75645,48.58202],[7.75679,48.58231],[7.75728,48.5825],[7.7588,48.58411],[7.75954,48.58385],[7.77002,48.58097],[7.77028,48.58139],[7.7722,48.58306],[7.77239,48.58303],[7.77394,48.58439],[7.77109,48.5864],[7.7701,48.58737],[7.76997,48.58757],[7.76988,48.58784],[7.76994,48.58826],[7.76982,48.58841],[7.76734,48.5897],[7.7689,48.59105],[7.77003,48.59231],[7.77009,48.5925],[7.7703,48.59267],[7.77448,48.59569],[7.77515,48.59593],[7.77651,48.59674],[7.77679,48.59704],[7.77565,48.59821],[7.77538,48.59857],[7.77523,48.59892],[7.77527,48.59943],[7.77548,48.60039],[7.77542,48.60155],[7.77546,48.602],[7.77565,48.60248],[7.77635,48.60341],[7.77735,48.60424],[7.77774,48.60474],[7.77831,48.60612],[7.77865,48.60796],[7.77883,48.60813],[7.77912,48.60827],[7.77948,48.60872],[7.77999,48.60954],[7.78046,48.61009],[7.78108,48.61124],[7.78103,48.61134],[7.78083,48.61147],[7.7728,48.61301],[7.77284,48.61308],[7.7728,48.61301],[7.77239,48.61328],[7.77149,48.61339],[7.77061,48.6134],[7.76927,48.61365],[7.7683,48.61378],[7.76822,48.61376],[7.76821,48.61332],[7.76838,48.61313],[7.76852,48.6131],[7.76921,48.61327]]}},{"type":"Feature","properties":{"ref":"N2","mode":"bus","couleur":"#7F0047"},"geometry":{"type":"LineString","coordinates":[[7.75894,48.62778],[7.75901,48.62753],[7.75793,48.62696],[7.75776,48.62693],[7.75765,48.62677],[7.75741,48.6266],[7.75725,48.62656],[7.75529,48.62559],[7.75453,48.62505],[7.75436,48.62487],[7.75446,48.62457],[7.75503,48.62368],[7.75513,48.62326],[7.75511,48.62216],[7.75524,48.62182],[7.75518,48.62121],[7.7552,48.62077],[7.75524,48.6207],[7.75522,48.62005],[7.75442,48.61758],[7.7528,48.61541],[7.75126,48.61215],[7.75005,48.60813],[7.74898,48.60642],[7.7474,48.60454],[7.74741,48.60448],[7.74594,48.60267],[7.74501,48.60157],[7.74335,48.60008],[7.74269,48.59939],[7.74208,48.59846],[7.74181,48.59762],[7.7418,48.5968],[7.74187,48.59628],[7.74225,48.59532],[7.74234,48.59479],[7.74222,48.59399],[7.74175,48.5929],[7.74172,48.5919],[7.74194,48.5916],[7.74224,48.59143],[7.74254,48.59135],[7.74303,48.59134],[7.74349,48.59149],[7.74433,48.59077],[7.74461,48.59061],[7.74081,48.58964],[7.73623,48.58561],[7.73543,48.58529],[7.73501,48.58471],[7.7346,48.5844],[7.73447,48.58408],[7.73438,48.58405],[7.7343,48.58393],[7.73271,48.58247],[7.7309,48.57967],[7.73122,48.57846],[7.73136,48.57841],[7.73453,48.57818],[7.7348,48.57812],[7.7355,48.57784],[7.73568,48.57782],[7.73707,48.5778],[7.73822,48.57769],[7.73812,48.5777],[7.73843,48.57771],[7.73916,48.57843],[7.73987,48.57883],[7.74027,48.57902],[7.74094,48.57908],[7.74148,48.57907],[7.74215,48.5789],[7.74357,48.57892],[7.74459,48.57876],[7.74544,48.57873],[7.74682,48.5785],[7.74713,48.57833],[7.74727,48.57831],[7.74816,48.57843],[7.74876,48.57859],[7.74903,48.57836],[7.74998,48.5782],[7.75079,48.57792],[7.75144,48.5775],[7.75305,48.5759],[7.75339,48.57544],[7.75405,48.57285],[7.75401,48.57194],[7.75408,48.57185],[7.75588,48.57163],[7.7561,48.57156],[7.75661,48.56988],[7.75695,48.56903],[7.75868,48.56631],[7.75942,48.5656],[7.75945,48.56544],[7.75857,48.56489],[7.7556,48.56407],[7.75236,48.56388],[7.75255,48.5628],[7.75253,48.56252],[7.75237,48.56218],[7.74577,48.5555],[7.74503,48.5545],[7.74044,48.5478],[7.73938,48.54652],[7.7385,48.54576],[7.73637,48.54352],[7.73349,48.53871],[7.73313,48.53831],[7.73255,48.53803],[7.7326,48.5378],[7.73216,48.53431],[7.73215,48.53323],[7.73129,48.52978],[7.73141,48.52955],[7.73214,48.52903],[7.73233,48.52884],[7.73248,48.52894],[7.73233,48.52884],[7.73258,48.52916],[7.73285,48.52977],[7.73304,48.52974],[7.73314,48.52948],[7.73307,48.52927],[7.73295,48.52916]]}},{"type":"Feature","properties":{"ref":"N3","mode":"bus","couleur":"#2D3E58"},"geometry":{"type":"LineString","coordinates":[[7.80702,48.57596],[7.80582,48.57556],[7.80545,48.57538],[7.80436,48.57476],[7.80376,48.57422],[7.80016,48.57325],[7.80028,48.57329],[7.79996,48.57318],[7.79936,48.57285],[7.79782,48.57212],[7.79728,48.57194],[7.79624,48.57144],[7.79566,48.57131],[7.79552,48.57129],[7.79457,48.57277],[7.79386,48.57273],[7.79321,48.57278],[7.79288,48.57264],[7.79244,48.57281],[7.79091,48.5731],[7.78955,48.57312],[7.78886,48.573],[7.78851,48.57287],[7.78809,48.57261],[7.78746,48.572],[7.78661,48.57086],[7.78606,48.57048],[7.78574,48.57032],[7.78515,48.5702],[7.779,48.56939],[7.77809,48.56936],[7.77633,48.56851],[7.77614,48.56836],[7.77561,48.56807],[7.77413,48.56738],[7.77382,48.56726],[7.77317,48.56711],[7.77288,48.56713],[7.77103,48.56756],[7.77074,48.56772],[7.77034,48.56787],[7.76793,48.56835],[7.76327,48.56966],[7.76383,48.57048],[7.76496,48.57182],[7.76517,48.57199],[7.76593,48.57241],[7.76622,48.57265],[7.76659,48.57307],[7.76695,48.57376],[7.76729,48.57538],[7.76746,48.57571],[7.76787,48.57602],[7.7685,48.57626],[7.76909,48.57659],[7.76921,48.57671],[7.76902,48.57674],[7.7686,48.57713],[7.76843,48.57719],[7.76654,48.57735],[7.76178,48.578],[7.76118,48.57812],[7.75963,48.57856],[7.75971,48.57855],[7.75939,48.57852],[7.75947,48.57856],[7.75953,48.57857],[7.75929,48.57843],[7.75854,48.57736],[7.75728,48.57642],[7.7557,48.5754],[7.75577,48.57545],[7.75487,48.57531],[7.75442,48.57534],[7.75364,48.57528],[7.75349,48.57519],[7.75335,48.57551],[7.75312,48.57583],[7.75144,48.5775],[7.75071,48.57796],[7.75018,48.57815],[7.74963,48.57826],[7.74969,48.57882],[7.74816,48.57843],[7.74727,48.57831],[7.74713,48.57833],[7.74682,48.5785],[7.74544,48.57873],[7.74459,48.57876],[7.74357,48.57892],[7.74215,48.5789],[7.74116,48.57914],[7.74065,48.57913],[7.74019,48.57899],[7.73916,48.57843],[7.7384,48.57766],[7.73758,48.57777],[7.73587,48.57782],[7.73555,48.57787],[7.73479,48.57819],[7.73431,48.57825],[7.73095,48.5756],[7.73041,48.57504],[7.72994,48.57484],[7.72886,48.57465],[7.72789,48.57456],[7.72616,48.57467],[7.72576,48.57464],[7.72119,48.57367],[7.71753,48.57312],[7.71658,48.57288],[7.71418,48.5721],[7.71338,48.57454],[7.7132,48.57768],[7.71327,48.5779],[7.71347,48.57812],[7.71414,48.57847],[7.7142,48.57854],[7.71426,48.57911],[7.71422,48.57926],[7.71445,48.5794],[7.71474,48.57946],[7.71543,48.57957],[7.7158,48.57957],[7.71527,48.58049],[7.71347,48.58017],[7.71266,48.58009],[7.7121,48.57991],[7.70984,48.57958],[7.7098,48.5795],[7.71023,48.5787],[7.70868,48.57852],[7.70548,48.57805],[7.70468,48.57801],[7.70336,48.57801],[7.70208,48.57808],[7.70142,48.57824],[7.69728,48.58],[7.69604,48.58038],[7.69533,48.58088],[7.69295,48.58198],[7.69136,48.58278],[7.69574,48.58605],[7.69803,48.58768],[7.69813,48.5877],[7.70062,48.58733],[7.70093,48.58723],[7.70196,48.58798],[7.7024,48.58856],[7.7026,48.58917],[7.70233,48.58955],[7.70205,48.59014],[7.70209,48.59049],[7.70275,48.59104],[7.70418,48.59207],[7.70363,48.59243],[7.70319,48.59328],[7.70279,48.59365],[7.7049,48.59517],[7.70495,48.59529],[7.70662,48.59507],[7.70682,48.59508],[7.70706,48.59516],[7.708,48.59609],[7.70943,48.59763],[7.71013,48.59828],[7.71122,48.59897],[7.71241,48.59965],[7.71384,48.59849],[7.71553,48.59693],[7.71787,48.59523],[7.71755,48.59456]]}}]}